sample_name,index,id,grna_fw,grna_rv,read number
1,R1,1,ACACCAAGCTGAGTAGAGTA,TACTCTACTCAGCTTGGTGT,13894
1,R1,10,CATGACACCACACTGGGTAG,CTACCCAGTGTGGTGTCATG,1915
1,R1,11,GAGCATTACATTATCCAGAA,TTCTGGATAATGTAATGCTC,442
1,R1,12,GTGCAGTGCTCTTCTTGGAC,GTCCAAGAAGAGCACTGCAC,7471
1,R1,13,GTGGTAAGCCTTACTCAGAA,TTCTGAGTAAGGCTTACCAC,407
1,R1,14,GATCAGCGCCATTCTAAATA,TATTTAGAATGGCGCTGATC,6775
1,R1,15,GATCAGCACCATTCTAAATA,TATTTAGAATGGTGCTGATC,801
1,R1,16,CATCAGTGCCATTCTAAATA,TATTTAGAATGGCACTGATG,1463
1,R1,17,TTACCGCCGTATCAATCTTG,CAAGATTGATACGGCGGTAA,108
1,R1,2,GTGCAGTGCTGTGTTCAGAC,GTCTGAACACAGCACTGCAC,458
1,R1,3,TTGCTAATCACGTGAAGTGT,ACACTTCACGTGATTAGCAA,429
1,R1,4,CAACAGCTCTCAGTATTGTA,TACAATACTGAGAGCTGTTG,6233
1,R1,5,GTGCAATGCATTACTGAGAA,TTCTCAGTAATGCATTGCAC,7837
1,R1,6,GTGCCATACTATGTATAGGA,TCCTATACATAGTATGGCAC,787
1,R1,7,GTGCATTGATCTACGTAGAT,ATCTACGTAGATCAATGCAC,721
1,R1,8,ACACCATATAAGGTAGAGGA,TCCTCTACCTTATATGGTGT,1410
1,R1,9,AGGATGGAGTAACATGCAAT,ATTGCATGTTACTCCATCCT,540
1,R1,no,no,no,1028
1,R2,1,ACACCAAGCTGAGTAGAGTA,TACTCTACTCAGCTTGGTGT,13820
1,R2,10,CATGACACCACACTGGGTAG,CTACCCAGTGTGGTGTCATG,1890
1,R2,11,GAGCATTACATTATCCAGAA,TTCTGGATAATGTAATGCTC,441
1,R2,12,GTGCAGTGCTCTTCTTGGAC,GTCCAAGAAGAGCACTGCAC,7438
1,R2,13,GTGGTAAGCCTTACTCAGAA,TTCTGAGTAAGGCTTACCAC,400
1,R2,14,GATCAGCGCCATTCTAAATA,TATTTAGAATGGCGCTGATC,6733
1,R2,15,GATCAGCACCATTCTAAATA,TATTTAGAATGGTGCTGATC,798
1,R2,16,CATCAGTGCCATTCTAAATA,TATTTAGAATGGCACTGATG,1456
1,R2,17,TTACCGCCGTATCAATCTTG,CAAGATTGATACGGCGGTAA,107
1,R2,2,GTGCAGTGCTGTGTTCAGAC,GTCTGAACACAGCACTGCAC,459
1,R2,3,TTGCTAATCACGTGAAGTGT,ACACTTCACGTGATTAGCAA,421
1,R2,4,CAACAGCTCTCAGTATTGTA,TACAATACTGAGAGCTGTTG,6181
1,R2,5,GTGCAATGCATTACTGAGAA,TTCTCAGTAATGCATTGCAC,7795
1,R2,6,GTGCCATACTATGTATAGGA,TCCTATACATAGTATGGCAC,788
1,R2,7,GTGCATTGATCTACGTAGAT,ATCTACGTAGATCAATGCAC,717
1,R2,8,ACACCATATAAGGTAGAGGA,TCCTCTACCTTATATGGTGT,1402
1,R2,9,AGGATGGAGTAACATGCAAT,ATTGCATGTTACTCCATCCT,529
1,R2,no,no,no,1344
10,R1,1,ACACCAAGCTGAGTAGAGTA,TACTCTACTCAGCTTGGTGT,1319
10,R1,10,CATGACACCACACTGGGTAG,CTACCCAGTGTGGTGTCATG,21604
10,R1,11,GAGCATTACATTATCCAGAA,TTCTGGATAATGTAATGCTC,821
10,R1,12,GTGCAGTGCTCTTCTTGGAC,GTCCAAGAAGAGCACTGCAC,2604
10,R1,13,GTGGTAAGCCTTACTCAGAA,TTCTGAGTAAGGCTTACCAC,791
10,R1,14,GATCAGCGCCATTCTAAATA,TATTTAGAATGGCGCTGATC,751
10,R1,15,GATCAGCACCATTCTAAATA,TATTTAGAATGGTGCTGATC,1370
10,R1,16,CATCAGTGCCATTCTAAATA,TATTTAGAATGGCACTGATG,20900
10,R1,17,TTACCGCCGTATCAATCTTG,CAAGATTGATACGGCGGTAA,25408
10,R1,2,GTGCAGTGCTGTGTTCAGAC,GTCTGAACACAGCACTGCAC,844
10,R1,3,TTGCTAATCACGTGAAGTGT,ACACTTCACGTGATTAGCAA,676
10,R1,4,CAACAGCTCTCAGTATTGTA,TACAATACTGAGAGCTGTTG,244
10,R1,5,GTGCAATGCATTACTGAGAA,TTCTCAGTAATGCATTGCAC,1819
10,R1,6,GTGCCATACTATGTATAGGA,TCCTATACATAGTATGGCAC,1072
10,R1,7,GTGCATTGATCTACGTAGAT,ATCTACGTAGATCAATGCAC,1358
10,R1,8,ACACCATATAAGGTAGAGGA,TCCTCTACCTTATATGGTGT,2049
10,R1,9,AGGATGGAGTAACATGCAAT,ATTGCATGTTACTCCATCCT,888
10,R1,no,no,no,1500
10,R2,1,ACACCAAGCTGAGTAGAGTA,TACTCTACTCAGCTTGGTGT,1311
10,R2,10,CATGACACCACACTGGGTAG,CTACCCAGTGTGGTGTCATG,21241
10,R2,11,GAGCATTACATTATCCAGAA,TTCTGGATAATGTAATGCTC,809
10,R2,12,GTGCAGTGCTCTTCTTGGAC,GTCCAAGAAGAGCACTGCAC,2573
10,R2,13,GTGGTAAGCCTTACTCAGAA,TTCTGAGTAAGGCTTACCAC,780
10,R2,14,GATCAGCGCCATTCTAAATA,TATTTAGAATGGCGCTGATC,742
10,R2,15,GATCAGCACCATTCTAAATA,TATTTAGAATGGTGCTGATC,1357
10,R2,16,CATCAGTGCCATTCTAAATA,TATTTAGAATGGCACTGATG,20593
10,R2,17,TTACCGCCGTATCAATCTTG,CAAGATTGATACGGCGGTAA,25062
10,R2,2,GTGCAGTGCTGTGTTCAGAC,GTCTGAACACAGCACTGCAC,835
10,R2,3,TTGCTAATCACGTGAAGTGT,ACACTTCACGTGATTAGCAA,662
10,R2,4,CAACAGCTCTCAGTATTGTA,TACAATACTGAGAGCTGTTG,241
10,R2,5,GTGCAATGCATTACTGAGAA,TTCTCAGTAATGCATTGCAC,1791
10,R2,6,GTGCCATACTATGTATAGGA,TCCTATACATAGTATGGCAC,1059
10,R2,7,GTGCATTGATCTACGTAGAT,ATCTACGTAGATCAATGCAC,1334
10,R2,8,ACACCATATAAGGTAGAGGA,TCCTCTACCTTATATGGTGT,2008
10,R2,9,AGGATGGAGTAACATGCAAT,ATTGCATGTTACTCCATCCT,871
10,R2,no,no,no,2749
11,R1,1,ACACCAAGCTGAGTAGAGTA,TACTCTACTCAGCTTGGTGT,27212
11,R1,10,CATGACACCACACTGGGTAG,CTACCCAGTGTGGTGTCATG,3431
11,R1,11,GAGCATTACATTATCCAGAA,TTCTGGATAATGTAATGCTC,940
11,R1,12,GTGCAGTGCTCTTCTTGGAC,GTCCAAGAAGAGCACTGCAC,3306
11,R1,13,GTGGTAAGCCTTACTCAGAA,TTCTGAGTAAGGCTTACCAC,1086
11,R1,14,GATCAGCGCCATTCTAAATA,TATTTAGAATGGCGCTGATC,1432
11,R1,15,GATCAGCACCATTCTAAATA,TATTTAGAATGGTGCTGATC,1387
11,R1,16,CATCAGTGCCATTCTAAATA,TATTTAGAATGGCACTGATG,29332
11,R1,17,TTACCGCCGTATCAATCTTG,CAAGATTGATACGGCGGTAA,104
11,R1,2,GTGCAGTGCTGTGTTCAGAC,GTCTGAACACAGCACTGCAC,954
11,R1,3,TTGCTAATCACGTGAAGTGT,ACACTTCACGTGATTAGCAA,1297
11,R1,4,CAACAGCTCTCAGTATTGTA,TACAATACTGAGAGCTGTTG,317
11,R1,5,GTGCAATGCATTACTGAGAA,TTCTCAGTAATGCATTGCAC,2854
11,R1,6,GTGCCATACTATGTATAGGA,TCCTATACATAGTATGGCAC,1448
11,R1,7,GTGCATTGATCTACGTAGAT,ATCTACGTAGATCAATGCAC,1086
11,R1,8,ACACCATATAAGGTAGAGGA,TCCTCTACCTTATATGGTGT,3162
11,R1,9,AGGATGGAGTAACATGCAAT,ATTGCATGTTACTCCATCCT,888
11,R1,no,no,no,1239
11,R2,1,ACACCAAGCTGAGTAGAGTA,TACTCTACTCAGCTTGGTGT,26723
11,R2,10,CATGACACCACACTGGGTAG,CTACCCAGTGTGGTGTCATG,3330
11,R2,11,GAGCATTACATTATCCAGAA,TTCTGGATAATGTAATGCTC,919
11,R2,12,GTGCAGTGCTCTTCTTGGAC,GTCCAAGAAGAGCACTGCAC,3233
11,R2,13,GTGGTAAGCCTTACTCAGAA,TTCTGAGTAAGGCTTACCAC,1066
11,R2,14,GATCAGCGCCATTCTAAATA,TATTTAGAATGGCGCTGATC,1404
11,R2,15,GATCAGCACCATTCTAAATA,TATTTAGAATGGTGCTGATC,1363
11,R2,16,CATCAGTGCCATTCTAAATA,TATTTAGAATGGCACTGATG,28667
11,R2,17,TTACCGCCGTATCAATCTTG,CAAGATTGATACGGCGGTAA,102
11,R2,2,GTGCAGTGCTGTGTTCAGAC,GTCTGAACACAGCACTGCAC,939
11,R2,3,TTGCTAATCACGTGAAGTGT,ACACTTCACGTGATTAGCAA,1250
11,R2,4,CAACAGCTCTCAGTATTGTA,TACAATACTGAGAGCTGTTG,308
11,R2,5,GTGCAATGCATTACTGAGAA,TTCTCAGTAATGCATTGCAC,2784
11,R2,6,GTGCCATACTATGTATAGGA,TCCTATACATAGTATGGCAC,1411
11,R2,7,GTGCATTGATCTACGTAGAT,ATCTACGTAGATCAATGCAC,1054
11,R2,8,ACACCATATAAGGTAGAGGA,TCCTCTACCTTATATGGTGT,3080
11,R2,9,AGGATGGAGTAACATGCAAT,ATTGCATGTTACTCCATCCT,860
11,R2,no,no,no,2982
12,R1,1,ACACCAAGCTGAGTAGAGTA,TACTCTACTCAGCTTGGTGT,5781
12,R1,10,CATGACACCACACTGGGTAG,CTACCCAGTGTGGTGTCATG,10389
12,R1,11,GAGCATTACATTATCCAGAA,TTCTGGATAATGTAATGCTC,2227
12,R1,12,GTGCAGTGCTCTTCTTGGAC,GTCCAAGAAGAGCACTGCAC,8484
12,R1,13,GTGGTAAGCCTTACTCAGAA,TTCTGAGTAAGGCTTACCAC,3035
12,R1,14,GATCAGCGCCATTCTAAATA,TATTTAGAATGGCGCTGATC,3772
12,R1,15,GATCAGCACCATTCTAAATA,TATTTAGAATGGTGCTGATC,4661
12,R1,16,CATCAGTGCCATTCTAAATA,TATTTAGAATGGCACTGATG,7528
12,R1,17,TTACCGCCGTATCAATCTTG,CAAGATTGATACGGCGGTAA,190
12,R1,2,GTGCAGTGCTGTGTTCAGAC,GTCTGAACACAGCACTGCAC,3681
12,R1,3,TTGCTAATCACGTGAAGTGT,ACACTTCACGTGATTAGCAA,2995
12,R1,4,CAACAGCTCTCAGTATTGTA,TACAATACTGAGAGCTGTTG,1282
12,R1,5,GTGCAATGCATTACTGAGAA,TTCTCAGTAATGCATTGCAC,9685
12,R1,6,GTGCCATACTATGTATAGGA,TCCTATACATAGTATGGCAC,3566
12,R1,7,GTGCATTGATCTACGTAGAT,ATCTACGTAGATCAATGCAC,3681
12,R1,8,ACACCATATAAGGTAGAGGA,TCCTCTACCTTATATGGTGT,7072
12,R1,9,AGGATGGAGTAACATGCAAT,ATTGCATGTTACTCCATCCT,2673
12,R1,no,no,no,2199
12,R2,1,ACACCAAGCTGAGTAGAGTA,TACTCTACTCAGCTTGGTGT,5657
12,R2,10,CATGACACCACACTGGGTAG,CTACCCAGTGTGGTGTCATG,10138
12,R2,11,GAGCATTACATTATCCAGAA,TTCTGGATAATGTAATGCTC,2174
12,R2,12,GTGCAGTGCTCTTCTTGGAC,GTCCAAGAAGAGCACTGCAC,8311
12,R2,13,GTGGTAAGCCTTACTCAGAA,TTCTGAGTAAGGCTTACCAC,2961
12,R2,14,GATCAGCGCCATTCTAAATA,TATTTAGAATGGCGCTGATC,3693
12,R2,15,GATCAGCACCATTCTAAATA,TATTTAGAATGGTGCTGATC,4546
12,R2,16,CATCAGTGCCATTCTAAATA,TATTTAGAATGGCACTGATG,7364
12,R2,17,TTACCGCCGTATCAATCTTG,CAAGATTGATACGGCGGTAA,185
12,R2,2,GTGCAGTGCTGTGTTCAGAC,GTCTGAACACAGCACTGCAC,3618
12,R2,3,TTGCTAATCACGTGAAGTGT,ACACTTCACGTGATTAGCAA,2903
12,R2,4,CAACAGCTCTCAGTATTGTA,TACAATACTGAGAGCTGTTG,1246
12,R2,5,GTGCAATGCATTACTGAGAA,TTCTCAGTAATGCATTGCAC,9499
12,R2,6,GTGCCATACTATGTATAGGA,TCCTATACATAGTATGGCAC,3492
12,R2,7,GTGCATTGATCTACGTAGAT,ATCTACGTAGATCAATGCAC,3586
12,R2,8,ACACCATATAAGGTAGAGGA,TCCTCTACCTTATATGGTGT,6905
12,R2,9,AGGATGGAGTAACATGCAAT,ATTGCATGTTACTCCATCCT,2600
12,R2,no,no,no,4023
14,R1,1,ACACCAAGCTGAGTAGAGTA,TACTCTACTCAGCTTGGTGT,50806
14,R1,10,CATGACACCACACTGGGTAG,CTACCCAGTGTGGTGTCATG,2049
14,R1,11,GAGCATTACATTATCCAGAA,TTCTGGATAATGTAATGCTC,803
14,R1,12,GTGCAGTGCTCTTCTTGGAC,GTCCAAGAAGAGCACTGCAC,1831
14,R1,13,GTGGTAAGCCTTACTCAGAA,TTCTGAGTAAGGCTTACCAC,568
14,R1,14,GATCAGCGCCATTCTAAATA,TATTTAGAATGGCGCTGATC,778
14,R1,15,GATCAGCACCATTCTAAATA,TATTTAGAATGGTGCTGATC,980
14,R1,16,CATCAGTGCCATTCTAAATA,TATTTAGAATGGCACTGATG,1866
14,R1,17,TTACCGCCGTATCAATCTTG,CAAGATTGATACGGCGGTAA,24
14,R1,2,GTGCAGTGCTGTGTTCAGAC,GTCTGAACACAGCACTGCAC,454
14,R1,3,TTGCTAATCACGTGAAGTGT,ACACTTCACGTGATTAGCAA,23134
14,R1,4,CAACAGCTCTCAGTATTGTA,TACAATACTGAGAGCTGTTG,248
14,R1,5,GTGCAATGCATTACTGAGAA,TTCTCAGTAATGCATTGCAC,1666
14,R1,6,GTGCCATACTATGTATAGGA,TCCTATACATAGTATGGCAC,899
14,R1,7,GTGCATTGATCTACGTAGAT,ATCTACGTAGATCAATGCAC,968
14,R1,8,ACACCATATAAGGTAGAGGA,TCCTCTACCTTATATGGTGT,1630
14,R1,9,AGGATGGAGTAACATGCAAT,ATTGCATGTTACTCCATCCT,466
14,R1,no,no,no,1152
14,R2,1,ACACCAAGCTGAGTAGAGTA,TACTCTACTCAGCTTGGTGT,49868
14,R2,10,CATGACACCACACTGGGTAG,CTACCCAGTGTGGTGTCATG,1982
14,R2,11,GAGCATTACATTATCCAGAA,TTCTGGATAATGTAATGCTC,784
14,R2,12,GTGCAGTGCTCTTCTTGGAC,GTCCAAGAAGAGCACTGCAC,1801
14,R2,13,GTGGTAAGCCTTACTCAGAA,TTCTGAGTAAGGCTTACCAC,557
14,R2,14,GATCAGCGCCATTCTAAATA,TATTTAGAATGGCGCTGATC,762
14,R2,15,GATCAGCACCATTCTAAATA,TATTTAGAATGGTGCTGATC,960
14,R2,16,CATCAGTGCCATTCTAAATA,TATTTAGAATGGCACTGATG,1818
14,R2,17,TTACCGCCGTATCAATCTTG,CAAGATTGATACGGCGGTAA,21
14,R2,2,GTGCAGTGCTGTGTTCAGAC,GTCTGAACACAGCACTGCAC,449
14,R2,3,TTGCTAATCACGTGAAGTGT,ACACTTCACGTGATTAGCAA,22328
14,R2,4,CAACAGCTCTCAGTATTGTA,TACAATACTGAGAGCTGTTG,243
14,R2,5,GTGCAATGCATTACTGAGAA,TTCTCAGTAATGCATTGCAC,1628
14,R2,6,GTGCCATACTATGTATAGGA,TCCTATACATAGTATGGCAC,868
14,R2,7,GTGCATTGATCTACGTAGAT,ATCTACGTAGATCAATGCAC,939
14,R2,8,ACACCATATAAGGTAGAGGA,TCCTCTACCTTATATGGTGT,1593
14,R2,9,AGGATGGAGTAACATGCAAT,ATTGCATGTTACTCCATCCT,460
14,R2,no,no,no,3261
16,R1,1,ACACCAAGCTGAGTAGAGTA,TACTCTACTCAGCTTGGTGT,33596
16,R1,10,CATGACACCACACTGGGTAG,CTACCCAGTGTGGTGTCATG,566
16,R1,11,GAGCATTACATTATCCAGAA,TTCTGGATAATGTAATGCTC,170
16,R1,12,GTGCAGTGCTCTTCTTGGAC,GTCCAAGAAGAGCACTGCAC,459
16,R1,13,GTGGTAAGCCTTACTCAGAA,TTCTGAGTAAGGCTTACCAC,149
16,R1,14,GATCAGCGCCATTCTAAATA,TATTTAGAATGGCGCTGATC,101
16,R1,15,GATCAGCACCATTCTAAATA,TATTTAGAATGGTGCTGATC,163
16,R1,16,CATCAGTGCCATTCTAAATA,TATTTAGAATGGCACTGATG,412
16,R1,17,TTACCGCCGTATCAATCTTG,CAAGATTGATACGGCGGTAA,31566
16,R1,2,GTGCAGTGCTGTGTTCAGAC,GTCTGAACACAGCACTGCAC,188
16,R1,3,TTGCTAATCACGTGAAGTGT,ACACTTCACGTGATTAGCAA,183
16,R1,4,CAACAGCTCTCAGTATTGTA,TACAATACTGAGAGCTGTTG,46
16,R1,5,GTGCAATGCATTACTGAGAA,TTCTCAGTAATGCATTGCAC,470
16,R1,6,GTGCCATACTATGTATAGGA,TCCTATACATAGTATGGCAC,262
16,R1,7,GTGCATTGATCTACGTAGAT,ATCTACGTAGATCAATGCAC,109
16,R1,8,ACACCATATAAGGTAGAGGA,TCCTCTACCTTATATGGTGT,10826
16,R1,9,AGGATGGAGTAACATGCAAT,ATTGCATGTTACTCCATCCT,83
16,R1,no,no,no,1230
16,R2,1,ACACCAAGCTGAGTAGAGTA,TACTCTACTCAGCTTGGTGT,33080
16,R2,10,CATGACACCACACTGGGTAG,CTACCCAGTGTGGTGTCATG,548
16,R2,11,GAGCATTACATTATCCAGAA,TTCTGGATAATGTAATGCTC,166
16,R2,12,GTGCAGTGCTCTTCTTGGAC,GTCCAAGAAGAGCACTGCAC,454
16,R2,13,GTGGTAAGCCTTACTCAGAA,TTCTGAGTAAGGCTTACCAC,142
16,R2,14,GATCAGCGCCATTCTAAATA,TATTTAGAATGGCGCTGATC,98
16,R2,15,GATCAGCACCATTCTAAATA,TATTTAGAATGGTGCTGATC,162
16,R2,16,CATCAGTGCCATTCTAAATA,TATTTAGAATGGCACTGATG,401
16,R2,17,TTACCGCCGTATCAATCTTG,CAAGATTGATACGGCGGTAA,30802
16,R2,2,GTGCAGTGCTGTGTTCAGAC,GTCTGAACACAGCACTGCAC,181
16,R2,3,TTGCTAATCACGTGAAGTGT,ACACTTCACGTGATTAGCAA,181
16,R2,4,CAACAGCTCTCAGTATTGTA,TACAATACTGAGAGCTGTTG,46
16,R2,5,GTGCAATGCATTACTGAGAA,TTCTCAGTAATGCATTGCAC,461
16,R2,6,GTGCCATACTATGTATAGGA,TCCTATACATAGTATGGCAC,254
16,R2,7,GTGCATTGATCTACGTAGAT,ATCTACGTAGATCAATGCAC,108
16,R2,8,ACACCATATAAGGTAGAGGA,TCCTCTACCTTATATGGTGT,10548
16,R2,9,AGGATGGAGTAACATGCAAT,ATTGCATGTTACTCCATCCT,82
16,R2,no,no,no,2865
17,R1,1,ACACCAAGCTGAGTAGAGTA,TACTCTACTCAGCTTGGTGT,10914
17,R1,10,CATGACACCACACTGGGTAG,CTACCCAGTGTGGTGTCATG,7819
17,R1,11,GAGCATTACATTATCCAGAA,TTCTGGATAATGTAATGCTC,3640
17,R1,12,GTGCAGTGCTCTTCTTGGAC,GTCCAAGAAGAGCACTGCAC,9014
17,R1,13,GTGGTAAGCCTTACTCAGAA,TTCTGAGTAAGGCTTACCAC,4406
17,R1,14,GATCAGCGCCATTCTAAATA,TATTTAGAATGGCGCTGATC,10590
17,R1,15,GATCAGCACCATTCTAAATA,TATTTAGAATGGTGCTGATC,18579
17,R1,16,CATCAGTGCCATTCTAAATA,TATTTAGAATGGCACTGATG,438
17,R1,17,TTACCGCCGTATCAATCTTG,CAAGATTGATACGGCGGTAA,36
17,R1,2,GTGCAGTGCTGTGTTCAGAC,GTCTGAACACAGCACTGCAC,108
17,R1,3,TTGCTAATCACGTGAAGTGT,ACACTTCACGTGATTAGCAA,10289
17,R1,4,CAACAGCTCTCAGTATTGTA,TACAATACTGAGAGCTGTTG,73
17,R1,5,GTGCAATGCATTACTGAGAA,TTCTCAGTAATGCATTGCAC,451
17,R1,6,GTGCCATACTATGTATAGGA,TCCTATACATAGTATGGCAC,6603
17,R1,7,GTGCATTGATCTACGTAGAT,ATCTACGTAGATCAATGCAC,4349
17,R1,8,ACACCATATAAGGTAGAGGA,TCCTCTACCTTATATGGTGT,270
17,R1,9,AGGATGGAGTAACATGCAAT,ATTGCATGTTACTCCATCCT,10342
17,R1,no,no,no,1106
17,R2,1,ACACCAAGCTGAGTAGAGTA,TACTCTACTCAGCTTGGTGT,10719
17,R2,10,CATGACACCACACTGGGTAG,CTACCCAGTGTGGTGTCATG,7589
17,R2,11,GAGCATTACATTATCCAGAA,TTCTGGATAATGTAATGCTC,3557
17,R2,12,GTGCAGTGCTCTTCTTGGAC,GTCCAAGAAGAGCACTGCAC,8795
17,R2,13,GTGGTAAGCCTTACTCAGAA,TTCTGAGTAAGGCTTACCAC,4297
17,R2,14,GATCAGCGCCATTCTAAATA,TATTTAGAATGGCGCTGATC,10337
17,R2,15,GATCAGCACCATTCTAAATA,TATTTAGAATGGTGCTGATC,18126
17,R2,16,CATCAGTGCCATTCTAAATA,TATTTAGAATGGCACTGATG,423
17,R2,17,TTACCGCCGTATCAATCTTG,CAAGATTGATACGGCGGTAA,34
17,R2,2,GTGCAGTGCTGTGTTCAGAC,GTCTGAACACAGCACTGCAC,107
17,R2,3,TTGCTAATCACGTGAAGTGT,ACACTTCACGTGATTAGCAA,9897
17,R2,4,CAACAGCTCTCAGTATTGTA,TACAATACTGAGAGCTGTTG,73
17,R2,5,GTGCAATGCATTACTGAGAA,TTCTCAGTAATGCATTGCAC,442
17,R2,6,GTGCCATACTATGTATAGGA,TCCTATACATAGTATGGCAC,6451
17,R2,7,GTGCATTGATCTACGTAGAT,ATCTACGTAGATCAATGCAC,4239
17,R2,8,ACACCATATAAGGTAGAGGA,TCCTCTACCTTATATGGTGT,259
17,R2,9,AGGATGGAGTAACATGCAAT,ATTGCATGTTACTCCATCCT,10078
17,R2,no,no,no,3604
18,R1,1,ACACCAAGCTGAGTAGAGTA,TACTCTACTCAGCTTGGTGT,19440
18,R1,10,CATGACACCACACTGGGTAG,CTACCCAGTGTGGTGTCATG,28918
18,R1,11,GAGCATTACATTATCCAGAA,TTCTGGATAATGTAATGCTC,148
18,R1,12,GTGCAGTGCTCTTCTTGGAC,GTCCAAGAAGAGCACTGCAC,7632
18,R1,13,GTGGTAAGCCTTACTCAGAA,TTCTGAGTAAGGCTTACCAC,358
18,R1,14,GATCAGCGCCATTCTAAATA,TATTTAGAATGGCGCTGATC,220
18,R1,15,GATCAGCACCATTCTAAATA,TATTTAGAATGGTGCTGATC,7660
18,R1,16,CATCAGTGCCATTCTAAATA,TATTTAGAATGGCACTGATG,14717
18,R1,17,TTACCGCCGTATCAATCTTG,CAAGATTGATACGGCGGTAA,39
18,R1,2,GTGCAGTGCTGTGTTCAGAC,GTCTGAACACAGCACTGCAC,218
18,R1,3,TTGCTAATCACGTGAAGTGT,ACACTTCACGTGATTAGCAA,194
18,R1,4,CAACAGCTCTCAGTATTGTA,TACAATACTGAGAGCTGTTG,56
18,R1,5,GTGCAATGCATTACTGAGAA,TTCTCAGTAATGCATTGCAC,7506
18,R1,6,GTGCCATACTATGTATAGGA,TCCTATACATAGTATGGCAC,14325
18,R1,7,GTGCATTGATCTACGTAGAT,ATCTACGTAGATCAATGCAC,239
18,R1,8,ACACCATATAAGGTAGAGGA,TCCTCTACCTTATATGGTGT,8148
18,R1,9,AGGATGGAGTAACATGCAAT,ATTGCATGTTACTCCATCCT,194
18,R1,no,no,no,1417
18,R2,1,ACACCAAGCTGAGTAGAGTA,TACTCTACTCAGCTTGGTGT,19024
18,R2,10,CATGACACCACACTGGGTAG,CTACCCAGTGTGGTGTCATG,28119
18,R2,11,GAGCATTACATTATCCAGAA,TTCTGGATAATGTAATGCTC,146
18,R2,12,GTGCAGTGCTCTTCTTGGAC,GTCCAAGAAGAGCACTGCAC,7484
18,R2,13,GTGGTAAGCCTTACTCAGAA,TTCTGAGTAAGGCTTACCAC,349
18,R2,14,GATCAGCGCCATTCTAAATA,TATTTAGAATGGCGCTGATC,214
18,R2,15,GATCAGCACCATTCTAAATA,TATTTAGAATGGTGCTGATC,7500
18,R2,16,CATCAGTGCCATTCTAAATA,TATTTAGAATGGCACTGATG,14385
18,R2,17,TTACCGCCGTATCAATCTTG,CAAGATTGATACGGCGGTAA,36
18,R2,2,GTGCAGTGCTGTGTTCAGAC,GTCTGAACACAGCACTGCAC,216
18,R2,3,TTGCTAATCACGTGAAGTGT,ACACTTCACGTGATTAGCAA,188
18,R2,4,CAACAGCTCTCAGTATTGTA,TACAATACTGAGAGCTGTTG,55
18,R2,5,GTGCAATGCATTACTGAGAA,TTCTCAGTAATGCATTGCAC,7352
18,R2,6,GTGCCATACTATGTATAGGA,TCCTATACATAGTATGGCAC,14052
18,R2,7,GTGCATTGATCTACGTAGAT,ATCTACGTAGATCAATGCAC,234
18,R2,8,ACACCATATAAGGTAGAGGA,TCCTCTACCTTATATGGTGT,7947
18,R2,9,AGGATGGAGTAACATGCAAT,ATTGCATGTTACTCCATCCT,187
18,R2,no,no,no,3941
19,R1,1,ACACCAAGCTGAGTAGAGTA,TACTCTACTCAGCTTGGTGT,2412
19,R1,10,CATGACACCACACTGGGTAG,CTACCCAGTGTGGTGTCATG,7402
19,R1,11,GAGCATTACATTATCCAGAA,TTCTGGATAATGTAATGCTC,2153
19,R1,12,GTGCAGTGCTCTTCTTGGAC,GTCCAAGAAGAGCACTGCAC,6324
19,R1,13,GTGGTAAGCCTTACTCAGAA,TTCTGAGTAAGGCTTACCAC,2458
19,R1,14,GATCAGCGCCATTCTAAATA,TATTTAGAATGGCGCTGATC,2230
19,R1,15,GATCAGCACCATTCTAAATA,TATTTAGAATGGTGCTGATC,2898
19,R1,16,CATCAGTGCCATTCTAAATA,TATTTAGAATGGCACTGATG,5665
19,R1,17,TTACCGCCGTATCAATCTTG,CAAGATTGATACGGCGGTAA,1155
19,R1,2,GTGCAGTGCTGTGTTCAGAC,GTCTGAACACAGCACTGCAC,2695
19,R1,3,TTGCTAATCACGTGAAGTGT,ACACTTCACGTGATTAGCAA,2253
19,R1,4,CAACAGCTCTCAGTATTGTA,TACAATACTGAGAGCTGTTG,1252
19,R1,5,GTGCAATGCATTACTGAGAA,TTCTCAGTAATGCATTGCAC,5999
19,R1,6,GTGCCATACTATGTATAGGA,TCCTATACATAGTATGGCAC,51968
19,R1,7,GTGCATTGATCTACGTAGAT,ATCTACGTAGATCAATGCAC,2679
19,R1,8,ACACCATATAAGGTAGAGGA,TCCTCTACCTTATATGGTGT,4840
19,R1,9,AGGATGGAGTAACATGCAAT,ATTGCATGTTACTCCATCCT,1182
19,R1,no,no,no,2747
19,R2,1,ACACCAAGCTGAGTAGAGTA,TACTCTACTCAGCTTGGTGT,2348
19,R2,10,CATGACACCACACTGGGTAG,CTACCCAGTGTGGTGTCATG,7184
19,R2,11,GAGCATTACATTATCCAGAA,TTCTGGATAATGTAATGCTC,2089
19,R2,12,GTGCAGTGCTCTTCTTGGAC,GTCCAAGAAGAGCACTGCAC,6190
19,R2,13,GTGGTAAGCCTTACTCAGAA,TTCTGAGTAAGGCTTACCAC,2386
19,R2,14,GATCAGCGCCATTCTAAATA,TATTTAGAATGGCGCTGATC,2178
19,R2,15,GATCAGCACCATTCTAAATA,TATTTAGAATGGTGCTGATC,2831
19,R2,16,CATCAGTGCCATTCTAAATA,TATTTAGAATGGCACTGATG,5534
19,R2,17,TTACCGCCGTATCAATCTTG,CAAGATTGATACGGCGGTAA,1115
19,R2,2,GTGCAGTGCTGTGTTCAGAC,GTCTGAACACAGCACTGCAC,2649
19,R2,3,TTGCTAATCACGTGAAGTGT,ACACTTCACGTGATTAGCAA,2174
19,R2,4,CAACAGCTCTCAGTATTGTA,TACAATACTGAGAGCTGTTG,1215
19,R2,5,GTGCAATGCATTACTGAGAA,TTCTCAGTAATGCATTGCAC,5883
19,R2,6,GTGCCATACTATGTATAGGA,TCCTATACATAGTATGGCAC,50886
19,R2,7,GTGCATTGATCTACGTAGAT,ATCTACGTAGATCAATGCAC,2606
19,R2,8,ACACCATATAAGGTAGAGGA,TCCTCTACCTTATATGGTGT,4725
19,R2,9,AGGATGGAGTAACATGCAAT,ATTGCATGTTACTCCATCCT,1147
19,R2,no,no,no,5172
2,R1,1,ACACCAAGCTGAGTAGAGTA,TACTCTACTCAGCTTGGTGT,720
2,R1,10,CATGACACCACACTGGGTAG,CTACCCAGTGTGGTGTCATG,2188
2,R1,11,GAGCATTACATTATCCAGAA,TTCTGGATAATGTAATGCTC,593
2,R1,12,GTGCAGTGCTCTTCTTGGAC,GTCCAAGAAGAGCACTGCAC,2619
2,R1,13,GTGGTAAGCCTTACTCAGAA,TTCTGAGTAAGGCTTACCAC,556
2,R1,14,GATCAGCGCCATTCTAAATA,TATTTAGAATGGCGCTGATC,447
2,R1,15,GATCAGCACCATTCTAAATA,TATTTAGAATGGTGCTGATC,19577
2,R1,16,CATCAGTGCCATTCTAAATA,TATTTAGAATGGCACTGATG,1917
2,R1,17,TTACCGCCGTATCAATCTTG,CAAGATTGATACGGCGGTAA,19
2,R1,2,GTGCAGTGCTGTGTTCAGAC,GTCTGAACACAGCACTGCAC,1026
2,R1,3,TTGCTAATCACGTGAAGTGT,ACACTTCACGTGATTAGCAA,638
2,R1,4,CAACAGCTCTCAGTATTGTA,TACAATACTGAGAGCTGTTG,247
2,R1,5,GTGCAATGCATTACTGAGAA,TTCTCAGTAATGCATTGCAC,2069
2,R1,6,GTGCCATACTATGTATAGGA,TCCTATACATAGTATGGCAC,948
2,R1,7,GTGCATTGATCTACGTAGAT,ATCTACGTAGATCAATGCAC,45963
2,R1,8,ACACCATATAAGGTAGAGGA,TCCTCTACCTTATATGGTGT,1802
2,R1,9,AGGATGGAGTAACATGCAAT,ATTGCATGTTACTCCATCCT,390
2,R1,no,no,no,1493
2,R2,1,ACACCAAGCTGAGTAGAGTA,TACTCTACTCAGCTTGGTGT,715
2,R2,10,CATGACACCACACTGGGTAG,CTACCCAGTGTGGTGTCATG,2161
2,R2,11,GAGCATTACATTATCCAGAA,TTCTGGATAATGTAATGCTC,587
2,R2,12,GTGCAGTGCTCTTCTTGGAC,GTCCAAGAAGAGCACTGCAC,2604
2,R2,13,GTGGTAAGCCTTACTCAGAA,TTCTGAGTAAGGCTTACCAC,550
2,R2,14,GATCAGCGCCATTCTAAATA,TATTTAGAATGGCGCTGATC,439
2,R2,15,GATCAGCACCATTCTAAATA,TATTTAGAATGGTGCTGATC,19376
2,R2,16,CATCAGTGCCATTCTAAATA,TATTTAGAATGGCACTGATG,1889
2,R2,17,TTACCGCCGTATCAATCTTG,CAAGATTGATACGGCGGTAA,15
2,R2,2,GTGCAGTGCTGTGTTCAGAC,GTCTGAACACAGCACTGCAC,1015
2,R2,3,TTGCTAATCACGTGAAGTGT,ACACTTCACGTGATTAGCAA,627
2,R2,4,CAACAGCTCTCAGTATTGTA,TACAATACTGAGAGCTGTTG,242
2,R2,5,GTGCAATGCATTACTGAGAA,TTCTCAGTAATGCATTGCAC,2056
2,R2,6,GTGCCATACTATGTATAGGA,TCCTATACATAGTATGGCAC,934
2,R2,7,GTGCATTGATCTACGTAGAT,ATCTACGTAGATCAATGCAC,45485
2,R2,8,ACACCATATAAGGTAGAGGA,TCCTCTACCTTATATGGTGT,1788
2,R2,9,AGGATGGAGTAACATGCAAT,ATTGCATGTTACTCCATCCT,385
2,R2,no,no,no,2344
20,R1,1,ACACCAAGCTGAGTAGAGTA,TACTCTACTCAGCTTGGTGT,630
20,R1,10,CATGACACCACACTGGGTAG,CTACCCAGTGTGGTGTCATG,13469
20,R1,11,GAGCATTACATTATCCAGAA,TTCTGGATAATGTAATGCTC,474
20,R1,12,GTGCAGTGCTCTTCTTGGAC,GTCCAAGAAGAGCACTGCAC,1364
20,R1,13,GTGGTAAGCCTTACTCAGAA,TTCTGAGTAAGGCTTACCAC,431
20,R1,14,GATCAGCGCCATTCTAAATA,TATTTAGAATGGCGCTGATC,467
20,R1,15,GATCAGCACCATTCTAAATA,TATTTAGAATGGTGCTGATC,13348
20,R1,16,CATCAGTGCCATTCTAAATA,TATTTAGAATGGCACTGATG,1243
20,R1,17,TTACCGCCGTATCAATCTTG,CAAGATTGATACGGCGGTAA,16819
20,R1,2,GTGCAGTGCTGTGTTCAGAC,GTCTGAACACAGCACTGCAC,532
20,R1,3,TTGCTAATCACGTGAAGTGT,ACACTTCACGTGATTAGCAA,464
20,R1,4,CAACAGCTCTCAGTATTGTA,TACAATACTGAGAGCTGTTG,276
20,R1,5,GTGCAATGCATTACTGAGAA,TTCTCAGTAATGCATTGCAC,13374
20,R1,6,GTGCCATACTATGTATAGGA,TCCTATACATAGTATGGCAC,596
20,R1,7,GTGCATTGATCTACGTAGAT,ATCTACGTAGATCAATGCAC,727
20,R1,8,ACACCATATAAGGTAGAGGA,TCCTCTACCTTATATGGTGT,13548
20,R1,9,AGGATGGAGTAACATGCAAT,ATTGCATGTTACTCCATCCT,14589
20,R1,no,no,no,1568
20,R2,1,ACACCAAGCTGAGTAGAGTA,TACTCTACTCAGCTTGGTGT,625
20,R2,10,CATGACACCACACTGGGTAG,CTACCCAGTGTGGTGTCATG,13182
20,R2,11,GAGCATTACATTATCCAGAA,TTCTGGATAATGTAATGCTC,468
20,R2,12,GTGCAGTGCTCTTCTTGGAC,GTCCAAGAAGAGCACTGCAC,1348
20,R2,13,GTGGTAAGCCTTACTCAGAA,TTCTGAGTAAGGCTTACCAC,421
20,R2,14,GATCAGCGCCATTCTAAATA,TATTTAGAATGGCGCTGATC,462
20,R2,15,GATCAGCACCATTCTAAATA,TATTTAGAATGGTGCTGATC,13149
20,R2,16,CATCAGTGCCATTCTAAATA,TATTTAGAATGGCACTGATG,1226
20,R2,17,TTACCGCCGTATCAATCTTG,CAAGATTGATACGGCGGTAA,16621
20,R2,2,GTGCAGTGCTGTGTTCAGAC,GTCTGAACACAGCACTGCAC,522
20,R2,3,TTGCTAATCACGTGAAGTGT,ACACTTCACGTGATTAGCAA,449
20,R2,4,CAACAGCTCTCAGTATTGTA,TACAATACTGAGAGCTGTTG,268
20,R2,5,GTGCAATGCATTACTGAGAA,TTCTCAGTAATGCATTGCAC,13215
20,R2,6,GTGCCATACTATGTATAGGA,TCCTATACATAGTATGGCAC,583
20,R2,7,GTGCATTGATCTACGTAGAT,ATCTACGTAGATCAATGCAC,725
20,R2,8,ACACCATATAAGGTAGAGGA,TCCTCTACCTTATATGGTGT,13347
20,R2,9,AGGATGGAGTAACATGCAAT,ATTGCATGTTACTCCATCCT,14327
20,R2,no,no,no,2981
21,R1,1,ACACCAAGCTGAGTAGAGTA,TACTCTACTCAGCTTGGTGT,13001
21,R1,10,CATGACACCACACTGGGTAG,CTACCCAGTGTGGTGTCATG,1298
21,R1,11,GAGCATTACATTATCCAGAA,TTCTGGATAATGTAATGCTC,492
21,R1,12,GTGCAGTGCTCTTCTTGGAC,GTCCAAGAAGAGCACTGCAC,13715
21,R1,13,GTGGTAAGCCTTACTCAGAA,TTCTGAGTAAGGCTTACCAC,295
21,R1,14,GATCAGCGCCATTCTAAATA,TATTTAGAATGGCGCTGATC,10323
21,R1,15,GATCAGCACCATTCTAAATA,TATTTAGAATGGTGCTGATC,673
21,R1,16,CATCAGTGCCATTCTAAATA,TATTTAGAATGGCACTGATG,18171
21,R1,17,TTACCGCCGTATCAATCTTG,CAAGATTGATACGGCGGTAA,44
21,R1,2,GTGCAGTGCTGTGTTCAGAC,GTCTGAACACAGCACTGCAC,475
21,R1,3,TTGCTAATCACGTGAAGTGT,ACACTTCACGTGATTAGCAA,455
21,R1,4,CAACAGCTCTCAGTATTGTA,TACAATACTGAGAGCTGTTG,124
21,R1,5,GTGCAATGCATTACTGAGAA,TTCTCAGTAATGCATTGCAC,22418
21,R1,6,GTGCCATACTATGTATAGGA,TCCTATACATAGTATGGCAC,491
21,R1,7,GTGCATTGATCTACGTAGAT,ATCTACGTAGATCAATGCAC,522
21,R1,8,ACACCATATAAGGTAGAGGA,TCCTCTACCTTATATGGTGT,829
21,R1,9,AGGATGGAGTAACATGCAAT,ATTGCATGTTACTCCATCCT,11942
21,R1,no,no,no,1275
21,R2,1,ACACCAAGCTGAGTAGAGTA,TACTCTACTCAGCTTGGTGT,12800
21,R2,10,CATGACACCACACTGGGTAG,CTACCCAGTGTGGTGTCATG,1263
21,R2,11,GAGCATTACATTATCCAGAA,TTCTGGATAATGTAATGCTC,480
21,R2,12,GTGCAGTGCTCTTCTTGGAC,GTCCAAGAAGAGCACTGCAC,13460
21,R2,13,GTGGTAAGCCTTACTCAGAA,TTCTGAGTAAGGCTTACCAC,287
21,R2,14,GATCAGCGCCATTCTAAATA,TATTTAGAATGGCGCTGATC,10096
21,R2,15,GATCAGCACCATTCTAAATA,TATTTAGAATGGTGCTGATC,654
21,R2,16,CATCAGTGCCATTCTAAATA,TATTTAGAATGGCACTGATG,17804
21,R2,17,TTACCGCCGTATCAATCTTG,CAAGATTGATACGGCGGTAA,43
21,R2,2,GTGCAGTGCTGTGTTCAGAC,GTCTGAACACAGCACTGCAC,467
21,R2,3,TTGCTAATCACGTGAAGTGT,ACACTTCACGTGATTAGCAA,446
21,R2,4,CAACAGCTCTCAGTATTGTA,TACAATACTGAGAGCTGTTG,119
21,R2,5,GTGCAATGCATTACTGAGAA,TTCTCAGTAATGCATTGCAC,22031
21,R2,6,GTGCCATACTATGTATAGGA,TCCTATACATAGTATGGCAC,486
21,R2,7,GTGCATTGATCTACGTAGAT,ATCTACGTAGATCAATGCAC,510
21,R2,8,ACACCATATAAGGTAGAGGA,TCCTCTACCTTATATGGTGT,810
21,R2,9,AGGATGGAGTAACATGCAAT,ATTGCATGTTACTCCATCCT,11665
21,R2,no,no,no,3122
22,R1,1,ACACCAAGCTGAGTAGAGTA,TACTCTACTCAGCTTGGTGT,10013
22,R1,10,CATGACACCACACTGGGTAG,CTACCCAGTGTGGTGTCATG,4076
22,R1,11,GAGCATTACATTATCCAGAA,TTCTGGATAATGTAATGCTC,3573
22,R1,12,GTGCAGTGCTCTTCTTGGAC,GTCCAAGAAGAGCACTGCAC,439
22,R1,13,GTGGTAAGCCTTACTCAGAA,TTCTGAGTAAGGCTTACCAC,100
22,R1,14,GATCAGCGCCATTCTAAATA,TATTTAGAATGGCGCTGATC,6192
22,R1,15,GATCAGCACCATTCTAAATA,TATTTAGAATGGTGCTGATC,7266
22,R1,16,CATCAGTGCCATTCTAAATA,TATTTAGAATGGCACTGATG,7611
22,R1,17,TTACCGCCGTATCAATCTTG,CAAGATTGATACGGCGGTAA,3207
22,R1,2,GTGCAGTGCTGTGTTCAGAC,GTCTGAACACAGCACTGCAC,132
22,R1,3,TTGCTAATCACGTGAAGTGT,ACACTTCACGTGATTAGCAA,102
22,R1,4,CAACAGCTCTCAGTATTGTA,TACAATACTGAGAGCTGTTG,31
22,R1,5,GTGCAATGCATTACTGAGAA,TTCTCAGTAATGCATTGCAC,3173
22,R1,6,GTGCCATACTATGTATAGGA,TCCTATACATAGTATGGCAC,126
22,R1,7,GTGCATTGATCTACGTAGAT,ATCTACGTAGATCAATGCAC,163
22,R1,8,ACACCATATAAGGTAGAGGA,TCCTCTACCTTATATGGTGT,3251
22,R1,9,AGGATGGAGTAACATGCAAT,ATTGCATGTTACTCCATCCT,103
22,R1,no,no,no,590
22,R2,1,ACACCAAGCTGAGTAGAGTA,TACTCTACTCAGCTTGGTGT,9861
22,R2,10,CATGACACCACACTGGGTAG,CTACCCAGTGTGGTGTCATG,3970
22,R2,11,GAGCATTACATTATCCAGAA,TTCTGGATAATGTAATGCTC,3504
22,R2,12,GTGCAGTGCTCTTCTTGGAC,GTCCAAGAAGAGCACTGCAC,430
22,R2,13,GTGGTAAGCCTTACTCAGAA,TTCTGAGTAAGGCTTACCAC,98
22,R2,14,GATCAGCGCCATTCTAAATA,TATTTAGAATGGCGCTGATC,6051
22,R2,15,GATCAGCACCATTCTAAATA,TATTTAGAATGGTGCTGATC,7115
22,R2,16,CATCAGTGCCATTCTAAATA,TATTTAGAATGGCACTGATG,7464
22,R2,17,TTACCGCCGTATCAATCTTG,CAAGATTGATACGGCGGTAA,3141
22,R2,2,GTGCAGTGCTGTGTTCAGAC,GTCTGAACACAGCACTGCAC,128
22,R2,3,TTGCTAATCACGTGAAGTGT,ACACTTCACGTGATTAGCAA,101
22,R2,4,CAACAGCTCTCAGTATTGTA,TACAATACTGAGAGCTGTTG,30
22,R2,5,GTGCAATGCATTACTGAGAA,TTCTCAGTAATGCATTGCAC,3110
22,R2,6,GTGCCATACTATGTATAGGA,TCCTATACATAGTATGGCAC,123
22,R2,7,GTGCATTGATCTACGTAGAT,ATCTACGTAGATCAATGCAC,161
22,R2,8,ACACCATATAAGGTAGAGGA,TCCTCTACCTTATATGGTGT,3199
22,R2,9,AGGATGGAGTAACATGCAAT,ATTGCATGTTACTCCATCCT,100
22,R2,no,no,no,1562
23,R1,1,ACACCAAGCTGAGTAGAGTA,TACTCTACTCAGCTTGGTGT,921
23,R1,10,CATGACACCACACTGGGTAG,CTACCCAGTGTGGTGTCATG,1908
23,R1,11,GAGCATTACATTATCCAGAA,TTCTGGATAATGTAATGCTC,698
23,R1,12,GTGCAGTGCTCTTCTTGGAC,GTCCAAGAAGAGCACTGCAC,2249
23,R1,13,GTGGTAAGCCTTACTCAGAA,TTCTGAGTAAGGCTTACCAC,785
23,R1,14,GATCAGCGCCATTCTAAATA,TATTTAGAATGGCGCTGATC,699
23,R1,15,GATCAGCACCATTCTAAATA,TATTTAGAATGGTGCTGATC,1326
23,R1,16,CATCAGTGCCATTCTAAATA,TATTTAGAATGGCACTGATG,2063
23,R1,17,TTACCGCCGTATCAATCTTG,CAAGATTGATACGGCGGTAA,33
23,R1,2,GTGCAGTGCTGTGTTCAGAC,GTCTGAACACAGCACTGCAC,772
23,R1,3,TTGCTAATCACGTGAAGTGT,ACACTTCACGTGATTAGCAA,490
23,R1,4,CAACAGCTCTCAGTATTGTA,TACAATACTGAGAGCTGTTG,330
23,R1,5,GTGCAATGCATTACTGAGAA,TTCTCAGTAATGCATTGCAC,37952
23,R1,6,GTGCCATACTATGTATAGGA,TCCTATACATAGTATGGCAC,19212
23,R1,7,GTGCATTGATCTACGTAGAT,ATCTACGTAGATCAATGCAC,24021
23,R1,8,ACACCATATAAGGTAGAGGA,TCCTCTACCTTATATGGTGT,1784
23,R1,9,AGGATGGAGTAACATGCAAT,ATTGCATGTTACTCCATCCT,753
23,R1,no,no,no,1274
23,R2,1,ACACCAAGCTGAGTAGAGTA,TACTCTACTCAGCTTGGTGT,904
23,R2,10,CATGACACCACACTGGGTAG,CTACCCAGTGTGGTGTCATG,1848
23,R2,11,GAGCATTACATTATCCAGAA,TTCTGGATAATGTAATGCTC,684
23,R2,12,GTGCAGTGCTCTTCTTGGAC,GTCCAAGAAGAGCACTGCAC,2187
23,R2,13,GTGGTAAGCCTTACTCAGAA,TTCTGAGTAAGGCTTACCAC,769
23,R2,14,GATCAGCGCCATTCTAAATA,TATTTAGAATGGCGCTGATC,684
23,R2,15,GATCAGCACCATTCTAAATA,TATTTAGAATGGTGCTGATC,1300
23,R2,16,CATCAGTGCCATTCTAAATA,TATTTAGAATGGCACTGATG,2021
23,R2,17,TTACCGCCGTATCAATCTTG,CAAGATTGATACGGCGGTAA,33
23,R2,2,GTGCAGTGCTGTGTTCAGAC,GTCTGAACACAGCACTGCAC,762
23,R2,3,TTGCTAATCACGTGAAGTGT,ACACTTCACGTGATTAGCAA,472
23,R2,4,CAACAGCTCTCAGTATTGTA,TACAATACTGAGAGCTGTTG,326
23,R2,5,GTGCAATGCATTACTGAGAA,TTCTCAGTAATGCATTGCAC,37220
23,R2,6,GTGCCATACTATGTATAGGA,TCCTATACATAGTATGGCAC,18864
23,R2,7,GTGCATTGATCTACGTAGAT,ATCTACGTAGATCAATGCAC,23534
23,R2,8,ACACCATATAAGGTAGAGGA,TCCTCTACCTTATATGGTGT,1747
23,R2,9,AGGATGGAGTAACATGCAAT,ATTGCATGTTACTCCATCCT,733
23,R2,no,no,no,3182
24,R1,1,ACACCAAGCTGAGTAGAGTA,TACTCTACTCAGCTTGGTGT,30694
24,R1,10,CATGACACCACACTGGGTAG,CTACCCAGTGTGGTGTCATG,2959
24,R1,11,GAGCATTACATTATCCAGAA,TTCTGGATAATGTAATGCTC,860
24,R1,12,GTGCAGTGCTCTTCTTGGAC,GTCCAAGAAGAGCACTGCAC,1893
24,R1,13,GTGGTAAGCCTTACTCAGAA,TTCTGAGTAAGGCTTACCAC,909
24,R1,14,GATCAGCGCCATTCTAAATA,TATTTAGAATGGCGCTGATC,994
24,R1,15,GATCAGCACCATTCTAAATA,TATTTAGAATGGTGCTGATC,1742
24,R1,16,CATCAGTGCCATTCTAAATA,TATTTAGAATGGCACTGATG,2909
24,R1,17,TTACCGCCGTATCAATCTTG,CAAGATTGATACGGCGGTAA,34463
24,R1,2,GTGCAGTGCTGTGTTCAGAC,GTCTGAACACAGCACTGCAC,802
24,R1,3,TTGCTAATCACGTGAAGTGT,ACACTTCACGTGATTAGCAA,767
24,R1,4,CAACAGCTCTCAGTATTGTA,TACAATACTGAGAGCTGTTG,196
24,R1,5,GTGCAATGCATTACTGAGAA,TTCTCAGTAATGCATTGCAC,3165
24,R1,6,GTGCCATACTATGTATAGGA,TCCTATACATAGTATGGCAC,1340
24,R1,7,GTGCATTGATCTACGTAGAT,ATCTACGTAGATCAATGCAC,1006
24,R1,8,ACACCATATAAGGTAGAGGA,TCCTCTACCTTATATGGTGT,2195
24,R1,9,AGGATGGAGTAACATGCAAT,ATTGCATGTTACTCCATCCT,840
24,R1,no,no,no,1356
24,R2,1,ACACCAAGCTGAGTAGAGTA,TACTCTACTCAGCTTGGTGT,30173
24,R2,10,CATGACACCACACTGGGTAG,CTACCCAGTGTGGTGTCATG,2882
24,R2,11,GAGCATTACATTATCCAGAA,TTCTGGATAATGTAATGCTC,851
24,R2,12,GTGCAGTGCTCTTCTTGGAC,GTCCAAGAAGAGCACTGCAC,1878
24,R2,13,GTGGTAAGCCTTACTCAGAA,TTCTGAGTAAGGCTTACCAC,883
24,R2,14,GATCAGCGCCATTCTAAATA,TATTTAGAATGGCGCTGATC,968
24,R2,15,GATCAGCACCATTCTAAATA,TATTTAGAATGGTGCTGATC,1710
24,R2,16,CATCAGTGCCATTCTAAATA,TATTTAGAATGGCACTGATG,2844
24,R2,17,TTACCGCCGTATCAATCTTG,CAAGATTGATACGGCGGTAA,33756
24,R2,2,GTGCAGTGCTGTGTTCAGAC,GTCTGAACACAGCACTGCAC,792
24,R2,3,TTGCTAATCACGTGAAGTGT,ACACTTCACGTGATTAGCAA,741
24,R2,4,CAACAGCTCTCAGTATTGTA,TACAATACTGAGAGCTGTTG,192
24,R2,5,GTGCAATGCATTACTGAGAA,TTCTCAGTAATGCATTGCAC,3103
24,R2,6,GTGCCATACTATGTATAGGA,TCCTATACATAGTATGGCAC,1315
24,R2,7,GTGCATTGATCTACGTAGAT,ATCTACGTAGATCAATGCAC,977
24,R2,8,ACACCATATAAGGTAGAGGA,TCCTCTACCTTATATGGTGT,2151
24,R2,9,AGGATGGAGTAACATGCAAT,ATTGCATGTTACTCCATCCT,818
24,R2,no,no,no,3056
25,R1,1,ACACCAAGCTGAGTAGAGTA,TACTCTACTCAGCTTGGTGT,16543
25,R1,10,CATGACACCACACTGGGTAG,CTACCCAGTGTGGTGTCATG,6383
25,R1,11,GAGCATTACATTATCCAGAA,TTCTGGATAATGTAATGCTC,7533
25,R1,12,GTGCAGTGCTCTTCTTGGAC,GTCCAAGAAGAGCACTGCAC,30659
25,R1,13,GTGGTAAGCCTTACTCAGAA,TTCTGAGTAAGGCTTACCAC,330
25,R1,14,GATCAGCGCCATTCTAAATA,TATTTAGAATGGCGCTGATC,13244
25,R1,15,GATCAGCACCATTCTAAATA,TATTTAGAATGGTGCTGATC,397
25,R1,16,CATCAGTGCCATTCTAAATA,TATTTAGAATGGCACTGATG,883
25,R1,17,TTACCGCCGTATCAATCTTG,CAAGATTGATACGGCGGTAA,43
25,R1,2,GTGCAGTGCTGTGTTCAGAC,GTCTGAACACAGCACTGCAC,293
25,R1,3,TTGCTAATCACGTGAAGTGT,ACACTTCACGTGATTAGCAA,165
25,R1,4,CAACAGCTCTCAGTATTGTA,TACAATACTGAGAGCTGTTG,17568
25,R1,5,GTGCAATGCATTACTGAGAA,TTCTCAGTAATGCATTGCAC,888
25,R1,6,GTGCCATACTATGTATAGGA,TCCTATACATAGTATGGCAC,439
25,R1,7,GTGCATTGATCTACGTAGAT,ATCTACGTAGATCAATGCAC,375
25,R1,8,ACACCATATAAGGTAGAGGA,TCCTCTACCTTATATGGTGT,780
25,R1,9,AGGATGGAGTAACATGCAAT,ATTGCATGTTACTCCATCCT,8325
25,R1,no,no,no,1231
25,R2,1,ACACCAAGCTGAGTAGAGTA,TACTCTACTCAGCTTGGTGT,16306
25,R2,10,CATGACACCACACTGGGTAG,CTACCCAGTGTGGTGTCATG,6248
25,R2,11,GAGCATTACATTATCCAGAA,TTCTGGATAATGTAATGCTC,7384
25,R2,12,GTGCAGTGCTCTTCTTGGAC,GTCCAAGAAGAGCACTGCAC,30175
25,R2,13,GTGGTAAGCCTTACTCAGAA,TTCTGAGTAAGGCTTACCAC,324
25,R2,14,GATCAGCGCCATTCTAAATA,TATTTAGAATGGCGCTGATC,12960
25,R2,15,GATCAGCACCATTCTAAATA,TATTTAGAATGGTGCTGATC,387
25,R2,16,CATCAGTGCCATTCTAAATA,TATTTAGAATGGCACTGATG,868
25,R2,17,TTACCGCCGTATCAATCTTG,CAAGATTGATACGGCGGTAA,39
25,R2,2,GTGCAGTGCTGTGTTCAGAC,GTCTGAACACAGCACTGCAC,285
25,R2,3,TTGCTAATCACGTGAAGTGT,ACACTTCACGTGATTAGCAA,160
25,R2,4,CAACAGCTCTCAGTATTGTA,TACAATACTGAGAGCTGTTG,17120
25,R2,5,GTGCAATGCATTACTGAGAA,TTCTCAGTAATGCATTGCAC,882
25,R2,6,GTGCCATACTATGTATAGGA,TCCTATACATAGTATGGCAC,434
25,R2,7,GTGCATTGATCTACGTAGAT,ATCTACGTAGATCAATGCAC,364
25,R2,8,ACACCATATAAGGTAGAGGA,TCCTCTACCTTATATGGTGT,757
25,R2,9,AGGATGGAGTAACATGCAAT,ATTGCATGTTACTCCATCCT,8141
25,R2,no,no,no,3245
26,R1,1,ACACCAAGCTGAGTAGAGTA,TACTCTACTCAGCTTGGTGT,1040
26,R1,10,CATGACACCACACTGGGTAG,CTACCCAGTGTGGTGTCATG,51324
26,R1,11,GAGCATTACATTATCCAGAA,TTCTGGATAATGTAATGCTC,625
26,R1,12,GTGCAGTGCTCTTCTTGGAC,GTCCAAGAAGAGCACTGCAC,3218
26,R1,13,GTGGTAAGCCTTACTCAGAA,TTCTGAGTAAGGCTTACCAC,1132
26,R1,14,GATCAGCGCCATTCTAAATA,TATTTAGAATGGCGCTGATC,1139
26,R1,15,GATCAGCACCATTCTAAATA,TATTTAGAATGGTGCTGATC,1178
26,R1,16,CATCAGTGCCATTCTAAATA,TATTTAGAATGGCACTGATG,2411
26,R1,17,TTACCGCCGTATCAATCTTG,CAAGATTGATACGGCGGTAA,885
26,R1,2,GTGCAGTGCTGTGTTCAGAC,GTCTGAACACAGCACTGCAC,924
26,R1,3,TTGCTAATCACGTGAAGTGT,ACACTTCACGTGATTAGCAA,755
26,R1,4,CAACAGCTCTCAGTATTGTA,TACAATACTGAGAGCTGTTG,362
26,R1,5,GTGCAATGCATTACTGAGAA,TTCTCAGTAATGCATTGCAC,26331
26,R1,6,GTGCCATACTATGTATAGGA,TCCTATACATAGTATGGCAC,1156
26,R1,7,GTGCATTGATCTACGTAGAT,ATCTACGTAGATCAATGCAC,1228
26,R1,8,ACACCATATAAGGTAGAGGA,TCCTCTACCTTATATGGTGT,2521
26,R1,9,AGGATGGAGTAACATGCAAT,ATTGCATGTTACTCCATCCT,649
26,R1,no,no,no,1559
26,R2,1,ACACCAAGCTGAGTAGAGTA,TACTCTACTCAGCTTGGTGT,1022
26,R2,10,CATGACACCACACTGGGTAG,CTACCCAGTGTGGTGTCATG,50064
26,R2,11,GAGCATTACATTATCCAGAA,TTCTGGATAATGTAATGCTC,612
26,R2,12,GTGCAGTGCTCTTCTTGGAC,GTCCAAGAAGAGCACTGCAC,3168
26,R2,13,GTGGTAAGCCTTACTCAGAA,TTCTGAGTAAGGCTTACCAC,1099
26,R2,14,GATCAGCGCCATTCTAAATA,TATTTAGAATGGCGCTGATC,1122
26,R2,15,GATCAGCACCATTCTAAATA,TATTTAGAATGGTGCTGATC,1148
26,R2,16,CATCAGTGCCATTCTAAATA,TATTTAGAATGGCACTGATG,2338
26,R2,17,TTACCGCCGTATCAATCTTG,CAAGATTGATACGGCGGTAA,877
26,R2,2,GTGCAGTGCTGTGTTCAGAC,GTCTGAACACAGCACTGCAC,916
26,R2,3,TTGCTAATCACGTGAAGTGT,ACACTTCACGTGATTAGCAA,741
26,R2,4,CAACAGCTCTCAGTATTGTA,TACAATACTGAGAGCTGTTG,349
26,R2,5,GTGCAATGCATTACTGAGAA,TTCTCAGTAATGCATTGCAC,25875
26,R2,6,GTGCCATACTATGTATAGGA,TCCTATACATAGTATGGCAC,1125
26,R2,7,GTGCATTGATCTACGTAGAT,ATCTACGTAGATCAATGCAC,1204
26,R2,8,ACACCATATAAGGTAGAGGA,TCCTCTACCTTATATGGTGT,2462
26,R2,9,AGGATGGAGTAACATGCAAT,ATTGCATGTTACTCCATCCT,628
26,R2,no,no,no,3687
27,R1,1,ACACCAAGCTGAGTAGAGTA,TACTCTACTCAGCTTGGTGT,19877
27,R1,10,CATGACACCACACTGGGTAG,CTACCCAGTGTGGTGTCATG,6548
27,R1,11,GAGCATTACATTATCCAGAA,TTCTGGATAATGTAATGCTC,252
27,R1,12,GTGCAGTGCTCTTCTTGGAC,GTCCAAGAAGAGCACTGCAC,695
27,R1,13,GTGGTAAGCCTTACTCAGAA,TTCTGAGTAAGGCTTACCAC,254
27,R1,14,GATCAGCGCCATTCTAAATA,TATTTAGAATGGCGCTGATC,6049
27,R1,15,GATCAGCACCATTCTAAATA,TATTTAGAATGGTGCTGATC,14865
27,R1,16,CATCAGTGCCATTCTAAATA,TATTTAGAATGGCACTGATG,788
27,R1,17,TTACCGCCGTATCAATCTTG,CAAGATTGATACGGCGGTAA,20655
27,R1,2,GTGCAGTGCTGTGTTCAGAC,GTCTGAACACAGCACTGCAC,383
27,R1,3,TTGCTAATCACGTGAAGTGT,ACACTTCACGTGATTAGCAA,242
27,R1,4,CAACAGCTCTCAGTATTGTA,TACAATACTGAGAGCTGTTG,105
27,R1,5,GTGCAATGCATTACTGAGAA,TTCTCAGTAATGCATTGCAC,7825
27,R1,6,GTGCCATACTATGTATAGGA,TCCTATACATAGTATGGCAC,375
27,R1,7,GTGCATTGATCTACGTAGAT,ATCTACGTAGATCAATGCAC,14747
27,R1,8,ACACCATATAAGGTAGAGGA,TCCTCTACCTTATATGGTGT,14484
27,R1,9,AGGATGGAGTAACATGCAAT,ATTGCATGTTACTCCATCCT,113
27,R1,no,no,no,1416
27,R2,1,ACACCAAGCTGAGTAGAGTA,TACTCTACTCAGCTTGGTGT,19555
27,R2,10,CATGACACCACACTGGGTAG,CTACCCAGTGTGGTGTCATG,6392
27,R2,11,GAGCATTACATTATCCAGAA,TTCTGGATAATGTAATGCTC,241
27,R2,12,GTGCAGTGCTCTTCTTGGAC,GTCCAAGAAGAGCACTGCAC,668
27,R2,13,GTGGTAAGCCTTACTCAGAA,TTCTGAGTAAGGCTTACCAC,242
27,R2,14,GATCAGCGCCATTCTAAATA,TATTTAGAATGGCGCTGATC,5908
27,R2,15,GATCAGCACCATTCTAAATA,TATTTAGAATGGTGCTGATC,14554
27,R2,16,CATCAGTGCCATTCTAAATA,TATTTAGAATGGCACTGATG,775
27,R2,17,TTACCGCCGTATCAATCTTG,CAAGATTGATACGGCGGTAA,20227
27,R2,2,GTGCAGTGCTGTGTTCAGAC,GTCTGAACACAGCACTGCAC,378
27,R2,3,TTGCTAATCACGTGAAGTGT,ACACTTCACGTGATTAGCAA,230
27,R2,4,CAACAGCTCTCAGTATTGTA,TACAATACTGAGAGCTGTTG,104
27,R2,5,GTGCAATGCATTACTGAGAA,TTCTCAGTAATGCATTGCAC,7698
27,R2,6,GTGCCATACTATGTATAGGA,TCCTATACATAGTATGGCAC,365
27,R2,7,GTGCATTGATCTACGTAGAT,ATCTACGTAGATCAATGCAC,14457
27,R2,8,ACACCATATAAGGTAGAGGA,TCCTCTACCTTATATGGTGT,14174
27,R2,9,AGGATGGAGTAACATGCAAT,ATTGCATGTTACTCCATCCT,109
27,R2,no,no,no,3596
29,R1,1,ACACCAAGCTGAGTAGAGTA,TACTCTACTCAGCTTGGTGT,20852
29,R1,10,CATGACACCACACTGGGTAG,CTACCCAGTGTGGTGTCATG,1238
29,R1,11,GAGCATTACATTATCCAGAA,TTCTGGATAATGTAATGCTC,16952
29,R1,12,GTGCAGTGCTCTTCTTGGAC,GTCCAAGAAGAGCACTGCAC,11197
29,R1,13,GTGGTAAGCCTTACTCAGAA,TTCTGAGTAAGGCTTACCAC,280
29,R1,14,GATCAGCGCCATTCTAAATA,TATTTAGAATGGCGCTGATC,472
29,R1,15,GATCAGCACCATTCTAAATA,TATTTAGAATGGTGCTGATC,20520
29,R1,16,CATCAGTGCCATTCTAAATA,TATTTAGAATGGCACTGATG,866
29,R1,17,TTACCGCCGTATCAATCTTG,CAAGATTGATACGGCGGTAA,11064
29,R1,2,GTGCAGTGCTGTGTTCAGAC,GTCTGAACACAGCACTGCAC,239
29,R1,3,TTGCTAATCACGTGAAGTGT,ACACTTCACGTGATTAGCAA,266
29,R1,4,CAACAGCTCTCAGTATTGTA,TACAATACTGAGAGCTGTTG,152
29,R1,5,GTGCAATGCATTACTGAGAA,TTCTCAGTAATGCATTGCAC,720
29,R1,6,GTGCCATACTATGTATAGGA,TCCTATACATAGTATGGCAC,456
29,R1,7,GTGCATTGATCTACGTAGAT,ATCTACGTAGATCAATGCAC,12257
29,R1,8,ACACCATATAAGGTAGAGGA,TCCTCTACCTTATATGGTGT,614
29,R1,9,AGGATGGAGTAACATGCAAT,ATTGCATGTTACTCCATCCT,9121
29,R1,no,no,no,1448
29,R2,1,ACACCAAGCTGAGTAGAGTA,TACTCTACTCAGCTTGGTGT,20481
29,R2,10,CATGACACCACACTGGGTAG,CTACCCAGTGTGGTGTCATG,1192
29,R2,11,GAGCATTACATTATCCAGAA,TTCTGGATAATGTAATGCTC,16593
29,R2,12,GTGCAGTGCTCTTCTTGGAC,GTCCAAGAAGAGCACTGCAC,10978
29,R2,13,GTGGTAAGCCTTACTCAGAA,TTCTGAGTAAGGCTTACCAC,273
29,R2,14,GATCAGCGCCATTCTAAATA,TATTTAGAATGGCGCTGATC,464
29,R2,15,GATCAGCACCATTCTAAATA,TATTTAGAATGGTGCTGATC,20068
29,R2,16,CATCAGTGCCATTCTAAATA,TATTTAGAATGGCACTGATG,841
29,R2,17,TTACCGCCGTATCAATCTTG,CAAGATTGATACGGCGGTAA,10830
29,R2,2,GTGCAGTGCTGTGTTCAGAC,GTCTGAACACAGCACTGCAC,232
29,R2,3,TTGCTAATCACGTGAAGTGT,ACACTTCACGTGATTAGCAA,259
29,R2,4,CAACAGCTCTCAGTATTGTA,TACAATACTGAGAGCTGTTG,145
29,R2,5,GTGCAATGCATTACTGAGAA,TTCTCAGTAATGCATTGCAC,708
29,R2,6,GTGCCATACTATGTATAGGA,TCCTATACATAGTATGGCAC,447
29,R2,7,GTGCATTGATCTACGTAGAT,ATCTACGTAGATCAATGCAC,12009
29,R2,8,ACACCATATAAGGTAGAGGA,TCCTCTACCTTATATGGTGT,599
29,R2,9,AGGATGGAGTAACATGCAAT,ATTGCATGTTACTCCATCCT,8920
29,R2,no,no,no,3675
3,R1,1,ACACCAAGCTGAGTAGAGTA,TACTCTACTCAGCTTGGTGT,4429
3,R1,10,CATGACACCACACTGGGTAG,CTACCCAGTGTGGTGTCATG,13286
3,R1,11,GAGCATTACATTATCCAGAA,TTCTGGATAATGTAATGCTC,3098
3,R1,12,GTGCAGTGCTCTTCTTGGAC,GTCCAAGAAGAGCACTGCAC,14370
3,R1,13,GTGGTAAGCCTTACTCAGAA,TTCTGAGTAAGGCTTACCAC,3527
3,R1,14,GATCAGCGCCATTCTAAATA,TATTTAGAATGGCGCTGATC,3929
3,R1,15,GATCAGCACCATTCTAAATA,TATTTAGAATGGTGCTGATC,4057
3,R1,16,CATCAGTGCCATTCTAAATA,TATTTAGAATGGCACTGATG,11467
3,R1,17,TTACCGCCGTATCAATCTTG,CAAGATTGATACGGCGGTAA,902
3,R1,2,GTGCAGTGCTGTGTTCAGAC,GTCTGAACACAGCACTGCAC,5912
3,R1,3,TTGCTAATCACGTGAAGTGT,ACACTTCACGTGATTAGCAA,3386
3,R1,4,CAACAGCTCTCAGTATTGTA,TACAATACTGAGAGCTGTTG,1195
3,R1,5,GTGCAATGCATTACTGAGAA,TTCTCAGTAATGCATTGCAC,10499
3,R1,6,GTGCCATACTATGTATAGGA,TCCTATACATAGTATGGCAC,6622
3,R1,7,GTGCATTGATCTACGTAGAT,ATCTACGTAGATCAATGCAC,3054
3,R1,8,ACACCATATAAGGTAGAGGA,TCCTCTACCTTATATGGTGT,8771
3,R1,9,AGGATGGAGTAACATGCAAT,ATTGCATGTTACTCCATCCT,2537
3,R1,no,no,no,3081
3,R2,1,ACACCAAGCTGAGTAGAGTA,TACTCTACTCAGCTTGGTGT,4371
3,R2,10,CATGACACCACACTGGGTAG,CTACCCAGTGTGGTGTCATG,13010
3,R2,11,GAGCATTACATTATCCAGAA,TTCTGGATAATGTAATGCTC,3047
3,R2,12,GTGCAGTGCTCTTCTTGGAC,GTCCAAGAAGAGCACTGCAC,14168
3,R2,13,GTGGTAAGCCTTACTCAGAA,TTCTGAGTAAGGCTTACCAC,3461
3,R2,14,GATCAGCGCCATTCTAAATA,TATTTAGAATGGCGCTGATC,3867
3,R2,15,GATCAGCACCATTCTAAATA,TATTTAGAATGGTGCTGATC,3984
3,R2,16,CATCAGTGCCATTCTAAATA,TATTTAGAATGGCACTGATG,11272
3,R2,17,TTACCGCCGTATCAATCTTG,CAAGATTGATACGGCGGTAA,877
3,R2,2,GTGCAGTGCTGTGTTCAGAC,GTCTGAACACAGCACTGCAC,5849
3,R2,3,TTGCTAATCACGTGAAGTGT,ACACTTCACGTGATTAGCAA,3312
3,R2,4,CAACAGCTCTCAGTATTGTA,TACAATACTGAGAGCTGTTG,1170
3,R2,5,GTGCAATGCATTACTGAGAA,TTCTCAGTAATGCATTGCAC,10381
3,R2,6,GTGCCATACTATGTATAGGA,TCCTATACATAGTATGGCAC,6545
3,R2,7,GTGCATTGATCTACGTAGAT,ATCTACGTAGATCAATGCAC,3005
3,R2,8,ACACCATATAAGGTAGAGGA,TCCTCTACCTTATATGGTGT,8626
3,R2,9,AGGATGGAGTAACATGCAAT,ATTGCATGTTACTCCATCCT,2496
3,R2,no,no,no,4681
30,R1,1,ACACCAAGCTGAGTAGAGTA,TACTCTACTCAGCTTGGTGT,601
30,R1,10,CATGACACCACACTGGGTAG,CTACCCAGTGTGGTGTCATG,1056
30,R1,11,GAGCATTACATTATCCAGAA,TTCTGGATAATGTAATGCTC,364
30,R1,12,GTGCAGTGCTCTTCTTGGAC,GTCCAAGAAGAGCACTGCAC,1399
30,R1,13,GTGGTAAGCCTTACTCAGAA,TTCTGAGTAAGGCTTACCAC,428
30,R1,14,GATCAGCGCCATTCTAAATA,TATTTAGAATGGCGCTGATC,323
30,R1,15,GATCAGCACCATTCTAAATA,TATTTAGAATGGTGCTGATC,592
30,R1,16,CATCAGTGCCATTCTAAATA,TATTTAGAATGGCACTGATG,15263
30,R1,17,TTACCGCCGTATCAATCTTG,CAAGATTGATACGGCGGTAA,9936
30,R1,2,GTGCAGTGCTGTGTTCAGAC,GTCTGAACACAGCACTGCAC,604
30,R1,3,TTGCTAATCACGTGAAGTGT,ACACTTCACGTGATTAGCAA,445
30,R1,4,CAACAGCTCTCAGTATTGTA,TACAATACTGAGAGCTGTTG,257
30,R1,5,GTGCAATGCATTACTGAGAA,TTCTCAGTAATGCATTGCAC,1112
30,R1,6,GTGCCATACTATGTATAGGA,TCCTATACATAGTATGGCAC,13611
30,R1,7,GTGCATTGATCTACGTAGAT,ATCTACGTAGATCAATGCAC,27497
30,R1,8,ACACCATATAAGGTAGAGGA,TCCTCTACCTTATATGGTGT,1015
30,R1,9,AGGATGGAGTAACATGCAAT,ATTGCATGTTACTCCATCCT,405
30,R1,no,no,no,1065
30,R2,1,ACACCAAGCTGAGTAGAGTA,TACTCTACTCAGCTTGGTGT,581
30,R2,10,CATGACACCACACTGGGTAG,CTACCCAGTGTGGTGTCATG,1020
30,R2,11,GAGCATTACATTATCCAGAA,TTCTGGATAATGTAATGCTC,350
30,R2,12,GTGCAGTGCTCTTCTTGGAC,GTCCAAGAAGAGCACTGCAC,1352
30,R2,13,GTGGTAAGCCTTACTCAGAA,TTCTGAGTAAGGCTTACCAC,414
30,R2,14,GATCAGCGCCATTCTAAATA,TATTTAGAATGGCGCTGATC,310
30,R2,15,GATCAGCACCATTCTAAATA,TATTTAGAATGGTGCTGATC,576
30,R2,16,CATCAGTGCCATTCTAAATA,TATTTAGAATGGCACTGATG,14922
30,R2,17,TTACCGCCGTATCAATCTTG,CAAGATTGATACGGCGGTAA,9723
30,R2,2,GTGCAGTGCTGTGTTCAGAC,GTCTGAACACAGCACTGCAC,592
30,R2,3,TTGCTAATCACGTGAAGTGT,ACACTTCACGTGATTAGCAA,423
30,R2,4,CAACAGCTCTCAGTATTGTA,TACAATACTGAGAGCTGTTG,251
30,R2,5,GTGCAATGCATTACTGAGAA,TTCTCAGTAATGCATTGCAC,1090
30,R2,6,GTGCCATACTATGTATAGGA,TCCTATACATAGTATGGCAC,13335
30,R2,7,GTGCATTGATCTACGTAGAT,ATCTACGTAGATCAATGCAC,26882
30,R2,8,ACACCATATAAGGTAGAGGA,TCCTCTACCTTATATGGTGT,987
30,R2,9,AGGATGGAGTAACATGCAAT,ATTGCATGTTACTCCATCCT,395
30,R2,no,no,no,2770
31,R1,1,ACACCAAGCTGAGTAGAGTA,TACTCTACTCAGCTTGGTGT,661
31,R1,10,CATGACACCACACTGGGTAG,CTACCCAGTGTGGTGTCATG,1567
31,R1,11,GAGCATTACATTATCCAGAA,TTCTGGATAATGTAATGCTC,486
31,R1,12,GTGCAGTGCTCTTCTTGGAC,GTCCAAGAAGAGCACTGCAC,1390
31,R1,13,GTGGTAAGCCTTACTCAGAA,TTCTGAGTAAGGCTTACCAC,406
31,R1,14,GATCAGCGCCATTCTAAATA,TATTTAGAATGGCGCTGATC,670
31,R1,15,GATCAGCACCATTCTAAATA,TATTTAGAATGGTGCTGATC,16933
31,R1,16,CATCAGTGCCATTCTAAATA,TATTTAGAATGGCACTGATG,1309
31,R1,17,TTACCGCCGTATCAATCTTG,CAAGATTGATACGGCGGTAA,16
31,R1,2,GTGCAGTGCTGTGTTCAGAC,GTCTGAACACAGCACTGCAC,412
31,R1,3,TTGCTAATCACGTGAAGTGT,ACACTTCACGTGATTAGCAA,308
31,R1,4,CAACAGCTCTCAGTATTGTA,TACAATACTGAGAGCTGTTG,109
31,R1,5,GTGCAATGCATTACTGAGAA,TTCTCAGTAATGCATTGCAC,20278
31,R1,6,GTGCCATACTATGTATAGGA,TCCTATACATAGTATGGCAC,19467
31,R1,7,GTGCATTGATCTACGTAGAT,ATCTACGTAGATCAATGCAC,641
31,R1,8,ACACCATATAAGGTAGAGGA,TCCTCTACCTTATATGGTGT,1096
31,R1,9,AGGATGGAGTAACATGCAAT,ATTGCATGTTACTCCATCCT,313
31,R1,no,no,no,1113
31,R2,1,ACACCAAGCTGAGTAGAGTA,TACTCTACTCAGCTTGGTGT,645
31,R2,10,CATGACACCACACTGGGTAG,CTACCCAGTGTGGTGTCATG,1523
31,R2,11,GAGCATTACATTATCCAGAA,TTCTGGATAATGTAATGCTC,471
31,R2,12,GTGCAGTGCTCTTCTTGGAC,GTCCAAGAAGAGCACTGCAC,1366
31,R2,13,GTGGTAAGCCTTACTCAGAA,TTCTGAGTAAGGCTTACCAC,390
31,R2,14,GATCAGCGCCATTCTAAATA,TATTTAGAATGGCGCTGATC,652
31,R2,15,GATCAGCACCATTCTAAATA,TATTTAGAATGGTGCTGATC,16559
31,R2,16,CATCAGTGCCATTCTAAATA,TATTTAGAATGGCACTGATG,1261
31,R2,17,TTACCGCCGTATCAATCTTG,CAAGATTGATACGGCGGTAA,12
31,R2,2,GTGCAGTGCTGTGTTCAGAC,GTCTGAACACAGCACTGCAC,402
31,R2,3,TTGCTAATCACGTGAAGTGT,ACACTTCACGTGATTAGCAA,298
31,R2,4,CAACAGCTCTCAGTATTGTA,TACAATACTGAGAGCTGTTG,105
31,R2,5,GTGCAATGCATTACTGAGAA,TTCTCAGTAATGCATTGCAC,19903
31,R2,6,GTGCCATACTATGTATAGGA,TCCTATACATAGTATGGCAC,19112
31,R2,7,GTGCATTGATCTACGTAGAT,ATCTACGTAGATCAATGCAC,629
31,R2,8,ACACCATATAAGGTAGAGGA,TCCTCTACCTTATATGGTGT,1064
31,R2,9,AGGATGGAGTAACATGCAAT,ATTGCATGTTACTCCATCCT,310
31,R2,no,no,no,2473
32,R1,1,ACACCAAGCTGAGTAGAGTA,TACTCTACTCAGCTTGGTGT,30421
32,R1,10,CATGACACCACACTGGGTAG,CTACCCAGTGTGGTGTCATG,1712
32,R1,11,GAGCATTACATTATCCAGAA,TTCTGGATAATGTAATGCTC,143
32,R1,12,GTGCAGTGCTCTTCTTGGAC,GTCCAAGAAGAGCACTGCAC,1423
32,R1,13,GTGGTAAGCCTTACTCAGAA,TTCTGAGTAAGGCTTACCAC,658
32,R1,14,GATCAGCGCCATTCTAAATA,TATTTAGAATGGCGCTGATC,14313
32,R1,15,GATCAGCACCATTCTAAATA,TATTTAGAATGGTGCTGATC,674
32,R1,16,CATCAGTGCCATTCTAAATA,TATTTAGAATGGCACTGATG,1246
32,R1,17,TTACCGCCGTATCAATCTTG,CAAGATTGATACGGCGGTAA,30
32,R1,2,GTGCAGTGCTGTGTTCAGAC,GTCTGAACACAGCACTGCAC,337
32,R1,3,TTGCTAATCACGTGAAGTGT,ACACTTCACGTGATTAGCAA,358
32,R1,4,CAACAGCTCTCAGTATTGTA,TACAATACTGAGAGCTGTTG,127
32,R1,5,GTGCAATGCATTACTGAGAA,TTCTCAGTAATGCATTGCAC,24521
32,R1,6,GTGCCATACTATGTATAGGA,TCCTATACATAGTATGGCAC,617
32,R1,7,GTGCATTGATCTACGTAGAT,ATCTACGTAGATCAATGCAC,14078
32,R1,8,ACACCATATAAGGTAGAGGA,TCCTCTACCTTATATGGTGT,871
32,R1,9,AGGATGGAGTAACATGCAAT,ATTGCATGTTACTCCATCCT,13639
32,R1,no,no,no,1463
32,R2,1,ACACCAAGCTGAGTAGAGTA,TACTCTACTCAGCTTGGTGT,29888
32,R2,10,CATGACACCACACTGGGTAG,CTACCCAGTGTGGTGTCATG,1653
32,R2,11,GAGCATTACATTATCCAGAA,TTCTGGATAATGTAATGCTC,142
32,R2,12,GTGCAGTGCTCTTCTTGGAC,GTCCAAGAAGAGCACTGCAC,1397
32,R2,13,GTGGTAAGCCTTACTCAGAA,TTCTGAGTAAGGCTTACCAC,652
32,R2,14,GATCAGCGCCATTCTAAATA,TATTTAGAATGGCGCTGATC,14009
32,R2,15,GATCAGCACCATTCTAAATA,TATTTAGAATGGTGCTGATC,662
32,R2,16,CATCAGTGCCATTCTAAATA,TATTTAGAATGGCACTGATG,1214
32,R2,17,TTACCGCCGTATCAATCTTG,CAAGATTGATACGGCGGTAA,29
32,R2,2,GTGCAGTGCTGTGTTCAGAC,GTCTGAACACAGCACTGCAC,335
32,R2,3,TTGCTAATCACGTGAAGTGT,ACACTTCACGTGATTAGCAA,350
32,R2,4,CAACAGCTCTCAGTATTGTA,TACAATACTGAGAGCTGTTG,119
32,R2,5,GTGCAATGCATTACTGAGAA,TTCTCAGTAATGCATTGCAC,24021
32,R2,6,GTGCCATACTATGTATAGGA,TCCTATACATAGTATGGCAC,611
32,R2,7,GTGCATTGATCTACGTAGAT,ATCTACGTAGATCAATGCAC,13778
32,R2,8,ACACCATATAAGGTAGAGGA,TCCTCTACCTTATATGGTGT,848
32,R2,9,AGGATGGAGTAACATGCAAT,ATTGCATGTTACTCCATCCT,13287
32,R2,no,no,no,3636
33,R1,1,ACACCAAGCTGAGTAGAGTA,TACTCTACTCAGCTTGGTGT,644
33,R1,10,CATGACACCACACTGGGTAG,CTACCCAGTGTGGTGTCATG,742
33,R1,11,GAGCATTACATTATCCAGAA,TTCTGGATAATGTAATGCTC,471
33,R1,12,GTGCAGTGCTCTTCTTGGAC,GTCCAAGAAGAGCACTGCAC,936
33,R1,13,GTGGTAAGCCTTACTCAGAA,TTCTGAGTAAGGCTTACCAC,424
33,R1,14,GATCAGCGCCATTCTAAATA,TATTTAGAATGGCGCTGATC,299
33,R1,15,GATCAGCACCATTCTAAATA,TATTTAGAATGGTGCTGATC,559
33,R1,16,CATCAGTGCCATTCTAAATA,TATTTAGAATGGCACTGATG,14995
33,R1,17,TTACCGCCGTATCAATCTTG,CAAGATTGATACGGCGGTAA,68
33,R1,2,GTGCAGTGCTGTGTTCAGAC,GTCTGAACACAGCACTGCAC,313
33,R1,3,TTGCTAATCACGTGAAGTGT,ACACTTCACGTGATTAGCAA,196
33,R1,4,CAACAGCTCTCAGTATTGTA,TACAATACTGAGAGCTGTTG,192
33,R1,5,GTGCAATGCATTACTGAGAA,TTCTCAGTAATGCATTGCAC,991
33,R1,6,GTGCCATACTATGTATAGGA,TCCTATACATAGTATGGCAC,36403
33,R1,7,GTGCATTGATCTACGTAGAT,ATCTACGTAGATCAATGCAC,11847
33,R1,8,ACACCATATAAGGTAGAGGA,TCCTCTACCTTATATGGTGT,607
33,R1,9,AGGATGGAGTAACATGCAAT,ATTGCATGTTACTCCATCCT,24142
33,R1,no,no,no,1375
33,R2,1,ACACCAAGCTGAGTAGAGTA,TACTCTACTCAGCTTGGTGT,635
33,R2,10,CATGACACCACACTGGGTAG,CTACCCAGTGTGGTGTCATG,717
33,R2,11,GAGCATTACATTATCCAGAA,TTCTGGATAATGTAATGCTC,461
33,R2,12,GTGCAGTGCTCTTCTTGGAC,GTCCAAGAAGAGCACTGCAC,918
33,R2,13,GTGGTAAGCCTTACTCAGAA,TTCTGAGTAAGGCTTACCAC,412
33,R2,14,GATCAGCGCCATTCTAAATA,TATTTAGAATGGCGCTGATC,292
33,R2,15,GATCAGCACCATTCTAAATA,TATTTAGAATGGTGCTGATC,540
33,R2,16,CATCAGTGCCATTCTAAATA,TATTTAGAATGGCACTGATG,14633
33,R2,17,TTACCGCCGTATCAATCTTG,CAAGATTGATACGGCGGTAA,62
33,R2,2,GTGCAGTGCTGTGTTCAGAC,GTCTGAACACAGCACTGCAC,312
33,R2,3,TTGCTAATCACGTGAAGTGT,ACACTTCACGTGATTAGCAA,183
33,R2,4,CAACAGCTCTCAGTATTGTA,TACAATACTGAGAGCTGTTG,188
33,R2,5,GTGCAATGCATTACTGAGAA,TTCTCAGTAATGCATTGCAC,983
33,R2,6,GTGCCATACTATGTATAGGA,TCCTATACATAGTATGGCAC,35702
33,R2,7,GTGCATTGATCTACGTAGAT,ATCTACGTAGATCAATGCAC,11590
33,R2,8,ACACCATATAAGGTAGAGGA,TCCTCTACCTTATATGGTGT,600
33,R2,9,AGGATGGAGTAACATGCAAT,ATTGCATGTTACTCCATCCT,23564
33,R2,no,no,no,3412
34,R1,1,ACACCAAGCTGAGTAGAGTA,TACTCTACTCAGCTTGGTGT,27562
34,R1,10,CATGACACCACACTGGGTAG,CTACCCAGTGTGGTGTCATG,6704
34,R1,11,GAGCATTACATTATCCAGAA,TTCTGGATAATGTAATGCTC,1437
34,R1,12,GTGCAGTGCTCTTCTTGGAC,GTCCAAGAAGAGCACTGCAC,5484
34,R1,13,GTGGTAAGCCTTACTCAGAA,TTCTGAGTAAGGCTTACCAC,1683
34,R1,14,GATCAGCGCCATTCTAAATA,TATTTAGAATGGCGCTGATC,1981
34,R1,15,GATCAGCACCATTCTAAATA,TATTTAGAATGGTGCTGATC,2178
34,R1,16,CATCAGTGCCATTCTAAATA,TATTTAGAATGGCACTGATG,5212
34,R1,17,TTACCGCCGTATCAATCTTG,CAAGATTGATACGGCGGTAA,139
34,R1,2,GTGCAGTGCTGTGTTCAGAC,GTCTGAACACAGCACTGCAC,2229
34,R1,3,TTGCTAATCACGTGAAGTGT,ACACTTCACGTGATTAGCAA,1621
34,R1,4,CAACAGCTCTCAGTATTGTA,TACAATACTGAGAGCTGTTG,968
34,R1,5,GTGCAATGCATTACTGAGAA,TTCTCAGTAATGCATTGCAC,24604
34,R1,6,GTGCCATACTATGTATAGGA,TCCTATACATAGTATGGCAC,2700
34,R1,7,GTGCATTGATCTACGTAGAT,ATCTACGTAGATCAATGCAC,1557
34,R1,8,ACACCATATAAGGTAGAGGA,TCCTCTACCTTATATGGTGT,4641
34,R1,9,AGGATGGAGTAACATGCAAT,ATTGCATGTTACTCCATCCT,1000
34,R1,no,no,no,1562
34,R2,1,ACACCAAGCTGAGTAGAGTA,TACTCTACTCAGCTTGGTGT,27062
34,R2,10,CATGACACCACACTGGGTAG,CTACCCAGTGTGGTGTCATG,6493
34,R2,11,GAGCATTACATTATCCAGAA,TTCTGGATAATGTAATGCTC,1409
34,R2,12,GTGCAGTGCTCTTCTTGGAC,GTCCAAGAAGAGCACTGCAC,5367
34,R2,13,GTGGTAAGCCTTACTCAGAA,TTCTGAGTAAGGCTTACCAC,1636
34,R2,14,GATCAGCGCCATTCTAAATA,TATTTAGAATGGCGCTGATC,1929
34,R2,15,GATCAGCACCATTCTAAATA,TATTTAGAATGGTGCTGATC,2123
34,R2,16,CATCAGTGCCATTCTAAATA,TATTTAGAATGGCACTGATG,5084
34,R2,17,TTACCGCCGTATCAATCTTG,CAAGATTGATACGGCGGTAA,132
34,R2,2,GTGCAGTGCTGTGTTCAGAC,GTCTGAACACAGCACTGCAC,2179
34,R2,3,TTGCTAATCACGTGAAGTGT,ACACTTCACGTGATTAGCAA,1559
34,R2,4,CAACAGCTCTCAGTATTGTA,TACAATACTGAGAGCTGTTG,925
34,R2,5,GTGCAATGCATTACTGAGAA,TTCTCAGTAATGCATTGCAC,24113
34,R2,6,GTGCCATACTATGTATAGGA,TCCTATACATAGTATGGCAC,2624
34,R2,7,GTGCATTGATCTACGTAGAT,ATCTACGTAGATCAATGCAC,1522
34,R2,8,ACACCATATAAGGTAGAGGA,TCCTCTACCTTATATGGTGT,4526
34,R2,9,AGGATGGAGTAACATGCAAT,ATTGCATGTTACTCCATCCT,976
34,R2,no,no,no,3603
35,R1,1,ACACCAAGCTGAGTAGAGTA,TACTCTACTCAGCTTGGTGT,29704
35,R1,10,CATGACACCACACTGGGTAG,CTACCCAGTGTGGTGTCATG,8479
35,R1,11,GAGCATTACATTATCCAGAA,TTCTGGATAATGTAATGCTC,4547
35,R1,12,GTGCAGTGCTCTTCTTGGAC,GTCCAAGAAGAGCACTGCAC,8763
35,R1,13,GTGGTAAGCCTTACTCAGAA,TTCTGAGTAAGGCTTACCAC,4185
35,R1,14,GATCAGCGCCATTCTAAATA,TATTTAGAATGGCGCTGATC,236
35,R1,15,GATCAGCACCATTCTAAATA,TATTTAGAATGGTGCTGATC,4313
35,R1,16,CATCAGTGCCATTCTAAATA,TATTTAGAATGGCACTGATG,4732
35,R1,17,TTACCGCCGTATCAATCTTG,CAAGATTGATACGGCGGTAA,8003
35,R1,2,GTGCAGTGCTGTGTTCAGAC,GTCTGAACACAGCACTGCAC,209
35,R1,3,TTGCTAATCACGTGAAGTGT,ACACTTCACGTGATTAGCAA,166
35,R1,4,CAACAGCTCTCAGTATTGTA,TACAATACTGAGAGCTGTTG,3602
35,R1,5,GTGCAATGCATTACTGAGAA,TTCTCAGTAATGCATTGCAC,16316
35,R1,6,GTGCCATACTATGTATAGGA,TCCTATACATAGTATGGCAC,7662
35,R1,7,GTGCATTGATCTACGTAGAT,ATCTACGTAGATCAATGCAC,3917
35,R1,8,ACACCATATAAGGTAGAGGA,TCCTCTACCTTATATGGTGT,3433
35,R1,9,AGGATGGAGTAACATGCAAT,ATTGCATGTTACTCCATCCT,4689
35,R1,no,no,no,1763
35,R2,1,ACACCAAGCTGAGTAGAGTA,TACTCTACTCAGCTTGGTGT,29167
35,R2,10,CATGACACCACACTGGGTAG,CTACCCAGTGTGGTGTCATG,8218
35,R2,11,GAGCATTACATTATCCAGAA,TTCTGGATAATGTAATGCTC,4438
35,R2,12,GTGCAGTGCTCTTCTTGGAC,GTCCAAGAAGAGCACTGCAC,8582
35,R2,13,GTGGTAAGCCTTACTCAGAA,TTCTGAGTAAGGCTTACCAC,4073
35,R2,14,GATCAGCGCCATTCTAAATA,TATTTAGAATGGCGCTGATC,230
35,R2,15,GATCAGCACCATTCTAAATA,TATTTAGAATGGTGCTGATC,4210
35,R2,16,CATCAGTGCCATTCTAAATA,TATTTAGAATGGCACTGATG,4600
35,R2,17,TTACCGCCGTATCAATCTTG,CAAGATTGATACGGCGGTAA,7809
35,R2,2,GTGCAGTGCTGTGTTCAGAC,GTCTGAACACAGCACTGCAC,204
35,R2,3,TTGCTAATCACGTGAAGTGT,ACACTTCACGTGATTAGCAA,151
35,R2,4,CAACAGCTCTCAGTATTGTA,TACAATACTGAGAGCTGTTG,3487
35,R2,5,GTGCAATGCATTACTGAGAA,TTCTCAGTAATGCATTGCAC,15950
35,R2,6,GTGCCATACTATGTATAGGA,TCCTATACATAGTATGGCAC,7520
35,R2,7,GTGCATTGATCTACGTAGAT,ATCTACGTAGATCAATGCAC,3826
35,R2,8,ACACCATATAAGGTAGAGGA,TCCTCTACCTTATATGGTGT,3354
35,R2,9,AGGATGGAGTAACATGCAAT,ATTGCATGTTACTCCATCCT,4546
35,R2,no,no,no,4354
36,R1,1,ACACCAAGCTGAGTAGAGTA,TACTCTACTCAGCTTGGTGT,2157
36,R1,10,CATGACACCACACTGGGTAG,CTACCCAGTGTGGTGTCATG,4674
36,R1,11,GAGCATTACATTATCCAGAA,TTCTGGATAATGTAATGCTC,1354
36,R1,12,GTGCAGTGCTCTTCTTGGAC,GTCCAAGAAGAGCACTGCAC,4420
36,R1,13,GTGGTAAGCCTTACTCAGAA,TTCTGAGTAAGGCTTACCAC,822
36,R1,14,GATCAGCGCCATTCTAAATA,TATTTAGAATGGCGCTGATC,1629
36,R1,15,GATCAGCACCATTCTAAATA,TATTTAGAATGGTGCTGATC,1101
36,R1,16,CATCAGTGCCATTCTAAATA,TATTTAGAATGGCACTGATG,4312
36,R1,17,TTACCGCCGTATCAATCTTG,CAAGATTGATACGGCGGTAA,173
36,R1,2,GTGCAGTGCTGTGTTCAGAC,GTCTGAACACAGCACTGCAC,1295
36,R1,3,TTGCTAATCACGTGAAGTGT,ACACTTCACGTGATTAGCAA,1160
36,R1,4,CAACAGCTCTCAGTATTGTA,TACAATACTGAGAGCTGTTG,569
36,R1,5,GTGCAATGCATTACTGAGAA,TTCTCAGTAATGCATTGCAC,3405
36,R1,6,GTGCCATACTATGTATAGGA,TCCTATACATAGTATGGCAC,36200
36,R1,7,GTGCATTGATCTACGTAGAT,ATCTACGTAGATCAATGCAC,1593
36,R1,8,ACACCATATAAGGTAGAGGA,TCCTCTACCTTATATGGTGT,2746
36,R1,9,AGGATGGAGTAACATGCAAT,ATTGCATGTTACTCCATCCT,1332
36,R1,no,no,no,1785
36,R2,1,ACACCAAGCTGAGTAGAGTA,TACTCTACTCAGCTTGGTGT,2117
36,R2,10,CATGACACCACACTGGGTAG,CTACCCAGTGTGGTGTCATG,4545
36,R2,11,GAGCATTACATTATCCAGAA,TTCTGGATAATGTAATGCTC,1327
36,R2,12,GTGCAGTGCTCTTCTTGGAC,GTCCAAGAAGAGCACTGCAC,4336
36,R2,13,GTGGTAAGCCTTACTCAGAA,TTCTGAGTAAGGCTTACCAC,804
36,R2,14,GATCAGCGCCATTCTAAATA,TATTTAGAATGGCGCTGATC,1588
36,R2,15,GATCAGCACCATTCTAAATA,TATTTAGAATGGTGCTGATC,1078
36,R2,16,CATCAGTGCCATTCTAAATA,TATTTAGAATGGCACTGATG,4227
36,R2,17,TTACCGCCGTATCAATCTTG,CAAGATTGATACGGCGGTAA,168
36,R2,2,GTGCAGTGCTGTGTTCAGAC,GTCTGAACACAGCACTGCAC,1267
36,R2,3,TTGCTAATCACGTGAAGTGT,ACACTTCACGTGATTAGCAA,1116
36,R2,4,CAACAGCTCTCAGTATTGTA,TACAATACTGAGAGCTGTTG,558
36,R2,5,GTGCAATGCATTACTGAGAA,TTCTCAGTAATGCATTGCAC,3344
36,R2,6,GTGCCATACTATGTATAGGA,TCCTATACATAGTATGGCAC,35520
36,R2,7,GTGCATTGATCTACGTAGAT,ATCTACGTAGATCAATGCAC,1551
36,R2,8,ACACCATATAAGGTAGAGGA,TCCTCTACCTTATATGGTGT,2680
36,R2,9,AGGATGGAGTAACATGCAAT,ATTGCATGTTACTCCATCCT,1293
36,R2,no,no,no,3208
38,R1,1,ACACCAAGCTGAGTAGAGTA,TACTCTACTCAGCTTGGTGT,751
38,R1,10,CATGACACCACACTGGGTAG,CTACCCAGTGTGGTGTCATG,2206
38,R1,11,GAGCATTACATTATCCAGAA,TTCTGGATAATGTAATGCTC,450
38,R1,12,GTGCAGTGCTCTTCTTGGAC,GTCCAAGAAGAGCACTGCAC,1871
38,R1,13,GTGGTAAGCCTTACTCAGAA,TTCTGAGTAAGGCTTACCAC,635
38,R1,14,GATCAGCGCCATTCTAAATA,TATTTAGAATGGCGCTGATC,18266
38,R1,15,GATCAGCACCATTCTAAATA,TATTTAGAATGGTGCTGATC,1119
38,R1,16,CATCAGTGCCATTCTAAATA,TATTTAGAATGGCACTGATG,22288
38,R1,17,TTACCGCCGTATCAATCTTG,CAAGATTGATACGGCGGTAA,17608
38,R1,2,GTGCAGTGCTGTGTTCAGAC,GTCTGAACACAGCACTGCAC,446
38,R1,3,TTGCTAATCACGTGAAGTGT,ACACTTCACGTGATTAGCAA,895
38,R1,4,CAACAGCTCTCAGTATTGTA,TACAATACTGAGAGCTGTTG,384
38,R1,5,GTGCAATGCATTACTGAGAA,TTCTCAGTAATGCATTGCAC,1789
38,R1,6,GTGCCATACTATGTATAGGA,TCCTATACATAGTATGGCAC,960
38,R1,7,GTGCATTGATCTACGTAGAT,ATCTACGTAGATCAATGCAC,44237
38,R1,8,ACACCATATAAGGTAGAGGA,TCCTCTACCTTATATGGTGT,1692
38,R1,9,AGGATGGAGTAACATGCAAT,ATTGCATGTTACTCCATCCT,416
38,R1,no,no,no,1920
38,R2,1,ACACCAAGCTGAGTAGAGTA,TACTCTACTCAGCTTGGTGT,742
38,R2,10,CATGACACCACACTGGGTAG,CTACCCAGTGTGGTGTCATG,2137
38,R2,11,GAGCATTACATTATCCAGAA,TTCTGGATAATGTAATGCTC,439
38,R2,12,GTGCAGTGCTCTTCTTGGAC,GTCCAAGAAGAGCACTGCAC,1827
38,R2,13,GTGGTAAGCCTTACTCAGAA,TTCTGAGTAAGGCTTACCAC,616
38,R2,14,GATCAGCGCCATTCTAAATA,TATTTAGAATGGCGCTGATC,17825
38,R2,15,GATCAGCACCATTCTAAATA,TATTTAGAATGGTGCTGATC,1091
38,R2,16,CATCAGTGCCATTCTAAATA,TATTTAGAATGGCACTGATG,21747
38,R2,17,TTACCGCCGTATCAATCTTG,CAAGATTGATACGGCGGTAA,17221
38,R2,2,GTGCAGTGCTGTGTTCAGAC,GTCTGAACACAGCACTGCAC,441
38,R2,3,TTGCTAATCACGTGAAGTGT,ACACTTCACGTGATTAGCAA,867
38,R2,4,CAACAGCTCTCAGTATTGTA,TACAATACTGAGAGCTGTTG,367
38,R2,5,GTGCAATGCATTACTGAGAA,TTCTCAGTAATGCATTGCAC,1749
38,R2,6,GTGCCATACTATGTATAGGA,TCCTATACATAGTATGGCAC,940
38,R2,7,GTGCATTGATCTACGTAGAT,ATCTACGTAGATCAATGCAC,43183
38,R2,8,ACACCATATAAGGTAGAGGA,TCCTCTACCTTATATGGTGT,1660
38,R2,9,AGGATGGAGTAACATGCAAT,ATTGCATGTTACTCCATCCT,408
38,R2,no,no,no,4673
39,R1,1,ACACCAAGCTGAGTAGAGTA,TACTCTACTCAGCTTGGTGT,3498
39,R1,10,CATGACACCACACTGGGTAG,CTACCCAGTGTGGTGTCATG,7192
39,R1,11,GAGCATTACATTATCCAGAA,TTCTGGATAATGTAATGCTC,2031
39,R1,12,GTGCAGTGCTCTTCTTGGAC,GTCCAAGAAGAGCACTGCAC,7148
39,R1,13,GTGGTAAGCCTTACTCAGAA,TTCTGAGTAAGGCTTACCAC,2296
39,R1,14,GATCAGCGCCATTCTAAATA,TATTTAGAATGGCGCTGATC,1766
39,R1,15,GATCAGCACCATTCTAAATA,TATTTAGAATGGTGCTGATC,3098
39,R1,16,CATCAGTGCCATTCTAAATA,TATTTAGAATGGCACTGATG,5626
39,R1,17,TTACCGCCGTATCAATCTTG,CAAGATTGATACGGCGGTAA,27
39,R1,2,GTGCAGTGCTGTGTTCAGAC,GTCTGAACACAGCACTGCAC,2333
39,R1,3,TTGCTAATCACGTGAAGTGT,ACACTTCACGTGATTAGCAA,1973
39,R1,4,CAACAGCTCTCAGTATTGTA,TACAATACTGAGAGCTGTTG,692
39,R1,5,GTGCAATGCATTACTGAGAA,TTCTCAGTAATGCATTGCAC,7281
39,R1,6,GTGCCATACTATGTATAGGA,TCCTATACATAGTATGGCAC,2730
39,R1,7,GTGCATTGATCTACGTAGAT,ATCTACGTAGATCAATGCAC,2886
39,R1,8,ACACCATATAAGGTAGAGGA,TCCTCTACCTTATATGGTGT,6460
39,R1,9,AGGATGGAGTAACATGCAAT,ATTGCATGTTACTCCATCCT,61296
39,R1,no,no,no,2253
39,R2,1,ACACCAAGCTGAGTAGAGTA,TACTCTACTCAGCTTGGTGT,3410
39,R2,10,CATGACACCACACTGGGTAG,CTACCCAGTGTGGTGTCATG,6966
39,R2,11,GAGCATTACATTATCCAGAA,TTCTGGATAATGTAATGCTC,1975
39,R2,12,GTGCAGTGCTCTTCTTGGAC,GTCCAAGAAGAGCACTGCAC,7001
39,R2,13,GTGGTAAGCCTTACTCAGAA,TTCTGAGTAAGGCTTACCAC,2219
39,R2,14,GATCAGCGCCATTCTAAATA,TATTTAGAATGGCGCTGATC,1714
39,R2,15,GATCAGCACCATTCTAAATA,TATTTAGAATGGTGCTGATC,3026
39,R2,16,CATCAGTGCCATTCTAAATA,TATTTAGAATGGCACTGATG,5486
39,R2,17,TTACCGCCGTATCAATCTTG,CAAGATTGATACGGCGGTAA,23
39,R2,2,GTGCAGTGCTGTGTTCAGAC,GTCTGAACACAGCACTGCAC,2299
39,R2,3,TTGCTAATCACGTGAAGTGT,ACACTTCACGTGATTAGCAA,1904
39,R2,4,CAACAGCTCTCAGTATTGTA,TACAATACTGAGAGCTGTTG,671
39,R2,5,GTGCAATGCATTACTGAGAA,TTCTCAGTAATGCATTGCAC,7146
39,R2,6,GTGCCATACTATGTATAGGA,TCCTATACATAGTATGGCAC,2678
39,R2,7,GTGCATTGATCTACGTAGAT,ATCTACGTAGATCAATGCAC,2825
39,R2,8,ACACCATATAAGGTAGAGGA,TCCTCTACCTTATATGGTGT,6311
39,R2,9,AGGATGGAGTAACATGCAAT,ATTGCATGTTACTCCATCCT,59501
39,R2,no,no,no,5431
4,R1,1,ACACCAAGCTGAGTAGAGTA,TACTCTACTCAGCTTGGTGT,7909
4,R1,10,CATGACACCACACTGGGTAG,CTACCCAGTGTGGTGTCATG,216
4,R1,11,GAGCATTACATTATCCAGAA,TTCTGGATAATGTAATGCTC,80
4,R1,12,GTGCAGTGCTCTTCTTGGAC,GTCCAAGAAGAGCACTGCAC,2601
4,R1,13,GTGGTAAGCCTTACTCAGAA,TTCTGAGTAAGGCTTACCAC,61
4,R1,14,GATCAGCGCCATTCTAAATA,TATTTAGAATGGCGCTGATC,93
4,R1,15,GATCAGCACCATTCTAAATA,TATTTAGAATGGTGCTGATC,10510
4,R1,16,CATCAGTGCCATTCTAAATA,TATTTAGAATGGCACTGATG,205
4,R1,17,TTACCGCCGTATCAATCTTG,CAAGATTGATACGGCGGTAA,5989
4,R1,2,GTGCAGTGCTGTGTTCAGAC,GTCTGAACACAGCACTGCAC,77
4,R1,3,TTGCTAATCACGTGAAGTGT,ACACTTCACGTGATTAGCAA,49
4,R1,4,CAACAGCTCTCAGTATTGTA,TACAATACTGAGAGCTGTTG,33
4,R1,5,GTGCAATGCATTACTGAGAA,TTCTCAGTAATGCATTGCAC,7799
4,R1,6,GTGCCATACTATGTATAGGA,TCCTATACATAGTATGGCAC,2949
4,R1,7,GTGCATTGATCTACGTAGAT,ATCTACGTAGATCAATGCAC,124
4,R1,8,ACACCATATAAGGTAGAGGA,TCCTCTACCTTATATGGTGT,166
4,R1,9,AGGATGGAGTAACATGCAAT,ATTGCATGTTACTCCATCCT,54
4,R1,no,no,no,737
4,R2,1,ACACCAAGCTGAGTAGAGTA,TACTCTACTCAGCTTGGTGT,7895
4,R2,10,CATGACACCACACTGGGTAG,CTACCCAGTGTGGTGTCATG,213
4,R2,11,GAGCATTACATTATCCAGAA,TTCTGGATAATGTAATGCTC,82
4,R2,12,GTGCAGTGCTCTTCTTGGAC,GTCCAAGAAGAGCACTGCAC,2603
4,R2,13,GTGGTAAGCCTTACTCAGAA,TTCTGAGTAAGGCTTACCAC,60
4,R2,14,GATCAGCGCCATTCTAAATA,TATTTAGAATGGCGCTGATC,91
4,R2,15,GATCAGCACCATTCTAAATA,TATTTAGAATGGTGCTGATC,10488
4,R2,16,CATCAGTGCCATTCTAAATA,TATTTAGAATGGCACTGATG,207
4,R2,17,TTACCGCCGTATCAATCTTG,CAAGATTGATACGGCGGTAA,5969
4,R2,2,GTGCAGTGCTGTGTTCAGAC,GTCTGAACACAGCACTGCAC,78
4,R2,3,TTGCTAATCACGTGAAGTGT,ACACTTCACGTGATTAGCAA,49
4,R2,4,CAACAGCTCTCAGTATTGTA,TACAATACTGAGAGCTGTTG,33
4,R2,5,GTGCAATGCATTACTGAGAA,TTCTCAGTAATGCATTGCAC,7795
4,R2,6,GTGCCATACTATGTATAGGA,TCCTATACATAGTATGGCAC,2937
4,R2,7,GTGCATTGATCTACGTAGAT,ATCTACGTAGATCAATGCAC,125
4,R2,8,ACACCATATAAGGTAGAGGA,TCCTCTACCTTATATGGTGT,163
4,R2,9,AGGATGGAGTAACATGCAAT,ATTGCATGTTACTCCATCCT,55
4,R2,no,no,no,809
40,R1,1,ACACCAAGCTGAGTAGAGTA,TACTCTACTCAGCTTGGTGT,9938
40,R1,10,CATGACACCACACTGGGTAG,CTACCCAGTGTGGTGTCATG,780
40,R1,11,GAGCATTACATTATCCAGAA,TTCTGGATAATGTAATGCTC,279
40,R1,12,GTGCAGTGCTCTTCTTGGAC,GTCCAAGAAGAGCACTGCAC,875
40,R1,13,GTGGTAAGCCTTACTCAGAA,TTCTGAGTAAGGCTTACCAC,233
40,R1,14,GATCAGCGCCATTCTAAATA,TATTTAGAATGGCGCTGATC,297
40,R1,15,GATCAGCACCATTCTAAATA,TATTTAGAATGGTGCTGATC,404
40,R1,16,CATCAGTGCCATTCTAAATA,TATTTAGAATGGCACTGATG,915
40,R1,17,TTACCGCCGTATCAATCTTG,CAAGATTGATACGGCGGTAA,8263
40,R1,2,GTGCAGTGCTGTGTTCAGAC,GTCTGAACACAGCACTGCAC,274
40,R1,3,TTGCTAATCACGTGAAGTGT,ACACTTCACGTGATTAGCAA,9277
40,R1,4,CAACAGCTCTCAGTATTGTA,TACAATACTGAGAGCTGTTG,93
40,R1,5,GTGCAATGCATTACTGAGAA,TTCTCAGTAATGCATTGCAC,8272
40,R1,6,GTGCCATACTATGTATAGGA,TCCTATACATAGTATGGCAC,9149
40,R1,7,GTGCATTGATCTACGTAGAT,ATCTACGTAGATCAATGCAC,10804
40,R1,8,ACACCATATAAGGTAGAGGA,TCCTCTACCTTATATGGTGT,20392
40,R1,9,AGGATGGAGTAACATGCAAT,ATTGCATGTTACTCCATCCT,222
40,R1,no,no,no,1068
40,R2,1,ACACCAAGCTGAGTAGAGTA,TACTCTACTCAGCTTGGTGT,9767
40,R2,10,CATGACACCACACTGGGTAG,CTACCCAGTGTGGTGTCATG,758
40,R2,11,GAGCATTACATTATCCAGAA,TTCTGGATAATGTAATGCTC,277
40,R2,12,GTGCAGTGCTCTTCTTGGAC,GTCCAAGAAGAGCACTGCAC,857
40,R2,13,GTGGTAAGCCTTACTCAGAA,TTCTGAGTAAGGCTTACCAC,222
40,R2,14,GATCAGCGCCATTCTAAATA,TATTTAGAATGGCGCTGATC,291
40,R2,15,GATCAGCACCATTCTAAATA,TATTTAGAATGGTGCTGATC,397
40,R2,16,CATCAGTGCCATTCTAAATA,TATTTAGAATGGCACTGATG,887
40,R2,17,TTACCGCCGTATCAATCTTG,CAAGATTGATACGGCGGTAA,8051
40,R2,2,GTGCAGTGCTGTGTTCAGAC,GTCTGAACACAGCACTGCAC,271
40,R2,3,TTGCTAATCACGTGAAGTGT,ACACTTCACGTGATTAGCAA,8927
40,R2,4,CAACAGCTCTCAGTATTGTA,TACAATACTGAGAGCTGTTG,91
40,R2,5,GTGCAATGCATTACTGAGAA,TTCTCAGTAATGCATTGCAC,8097
40,R2,6,GTGCCATACTATGTATAGGA,TCCTATACATAGTATGGCAC,8992
40,R2,7,GTGCATTGATCTACGTAGAT,ATCTACGTAGATCAATGCAC,10584
40,R2,8,ACACCATATAAGGTAGAGGA,TCCTCTACCTTATATGGTGT,19909
40,R2,9,AGGATGGAGTAACATGCAAT,ATTGCATGTTACTCCATCCT,214
40,R2,no,no,no,2943
41,R1,1,ACACCAAGCTGAGTAGAGTA,TACTCTACTCAGCTTGGTGT,2209
41,R1,10,CATGACACCACACTGGGTAG,CTACCCAGTGTGGTGTCATG,5900
41,R1,11,GAGCATTACATTATCCAGAA,TTCTGGATAATGTAATGCTC,968
41,R1,12,GTGCAGTGCTCTTCTTGGAC,GTCCAAGAAGAGCACTGCAC,36882
41,R1,13,GTGGTAAGCCTTACTCAGAA,TTCTGAGTAAGGCTTACCAC,1961
41,R1,14,GATCAGCGCCATTCTAAATA,TATTTAGAATGGCGCTGATC,2095
41,R1,15,GATCAGCACCATTCTAAATA,TATTTAGAATGGTGCTGATC,2663
41,R1,16,CATCAGTGCCATTCTAAATA,TATTTAGAATGGCACTGATG,5422
41,R1,17,TTACCGCCGTATCAATCTTG,CAAGATTGATACGGCGGTAA,34063
41,R1,2,GTGCAGTGCTGTGTTCAGAC,GTCTGAACACAGCACTGCAC,1662
41,R1,3,TTGCTAATCACGTGAAGTGT,ACACTTCACGTGATTAGCAA,1639
41,R1,4,CAACAGCTCTCAGTATTGTA,TACAATACTGAGAGCTGTTG,520
41,R1,5,GTGCAATGCATTACTGAGAA,TTCTCAGTAATGCATTGCAC,4344
41,R1,6,GTGCCATACTATGTATAGGA,TCCTATACATAGTATGGCAC,2501
41,R1,7,GTGCATTGATCTACGTAGAT,ATCTACGTAGATCAATGCAC,1669
41,R1,8,ACACCATATAAGGTAGAGGA,TCCTCTACCTTATATGGTGT,4450
41,R1,9,AGGATGGAGTAACATGCAAT,ATTGCATGTTACTCCATCCT,837
41,R1,no,no,no,1756
41,R2,1,ACACCAAGCTGAGTAGAGTA,TACTCTACTCAGCTTGGTGT,2168
41,R2,10,CATGACACCACACTGGGTAG,CTACCCAGTGTGGTGTCATG,5744
41,R2,11,GAGCATTACATTATCCAGAA,TTCTGGATAATGTAATGCTC,944
41,R2,12,GTGCAGTGCTCTTCTTGGAC,GTCCAAGAAGAGCACTGCAC,36063
41,R2,13,GTGGTAAGCCTTACTCAGAA,TTCTGAGTAAGGCTTACCAC,1910
41,R2,14,GATCAGCGCCATTCTAAATA,TATTTAGAATGGCGCTGATC,2051
41,R2,15,GATCAGCACCATTCTAAATA,TATTTAGAATGGTGCTGATC,2602
41,R2,16,CATCAGTGCCATTCTAAATA,TATTTAGAATGGCACTGATG,5277
41,R2,17,TTACCGCCGTATCAATCTTG,CAAGATTGATACGGCGGTAA,33218
41,R2,2,GTGCAGTGCTGTGTTCAGAC,GTCTGAACACAGCACTGCAC,1633
41,R2,3,TTGCTAATCACGTGAAGTGT,ACACTTCACGTGATTAGCAA,1586
41,R2,4,CAACAGCTCTCAGTATTGTA,TACAATACTGAGAGCTGTTG,496
41,R2,5,GTGCAATGCATTACTGAGAA,TTCTCAGTAATGCATTGCAC,4232
41,R2,6,GTGCCATACTATGTATAGGA,TCCTATACATAGTATGGCAC,2447
41,R2,7,GTGCATTGATCTACGTAGAT,ATCTACGTAGATCAATGCAC,1628
41,R2,8,ACACCATATAAGGTAGAGGA,TCCTCTACCTTATATGGTGT,4335
41,R2,9,AGGATGGAGTAACATGCAAT,ATTGCATGTTACTCCATCCT,793
41,R2,no,no,no,4414
42,R1,1,ACACCAAGCTGAGTAGAGTA,TACTCTACTCAGCTTGGTGT,1376
42,R1,10,CATGACACCACACTGGGTAG,CTACCCAGTGTGGTGTCATG,47164
42,R1,11,GAGCATTACATTATCCAGAA,TTCTGGATAATGTAATGCTC,1368
42,R1,12,GTGCAGTGCTCTTCTTGGAC,GTCCAAGAAGAGCACTGCAC,3429
42,R1,13,GTGGTAAGCCTTACTCAGAA,TTCTGAGTAAGGCTTACCAC,1070
42,R1,14,GATCAGCGCCATTCTAAATA,TATTTAGAATGGCGCTGATC,1278
42,R1,15,GATCAGCACCATTCTAAATA,TATTTAGAATGGTGCTGATC,25453
42,R1,16,CATCAGTGCCATTCTAAATA,TATTTAGAATGGCACTGATG,3570
42,R1,17,TTACCGCCGTATCAATCTTG,CAAGATTGATACGGCGGTAA,117
42,R1,2,GTGCAGTGCTGTGTTCAGAC,GTCTGAACACAGCACTGCAC,1647
42,R1,3,TTGCTAATCACGTGAAGTGT,ACACTTCACGTGATTAGCAA,991
42,R1,4,CAACAGCTCTCAGTATTGTA,TACAATACTGAGAGCTGTTG,526
42,R1,5,GTGCAATGCATTACTGAGAA,TTCTCAGTAATGCATTGCAC,3060
42,R1,6,GTGCCATACTATGTATAGGA,TCCTATACATAGTATGGCAC,1583
42,R1,7,GTGCATTGATCTACGTAGAT,ATCTACGTAGATCAATGCAC,1192
42,R1,8,ACACCATATAAGGTAGAGGA,TCCTCTACCTTATATGGTGT,3057
42,R1,9,AGGATGGAGTAACATGCAAT,ATTGCATGTTACTCCATCCT,632
42,R1,no,no,no,1677
42,R2,1,ACACCAAGCTGAGTAGAGTA,TACTCTACTCAGCTTGGTGT,1359
42,R2,10,CATGACACCACACTGGGTAG,CTACCCAGTGTGGTGTCATG,46216
42,R2,11,GAGCATTACATTATCCAGAA,TTCTGGATAATGTAATGCTC,1350
42,R2,12,GTGCAGTGCTCTTCTTGGAC,GTCCAAGAAGAGCACTGCAC,3392
42,R2,13,GTGGTAAGCCTTACTCAGAA,TTCTGAGTAAGGCTTACCAC,1048
42,R2,14,GATCAGCGCCATTCTAAATA,TATTTAGAATGGCGCTGATC,1254
42,R2,15,GATCAGCACCATTCTAAATA,TATTTAGAATGGTGCTGATC,25098
42,R2,16,CATCAGTGCCATTCTAAATA,TATTTAGAATGGCACTGATG,3515
42,R2,17,TTACCGCCGTATCAATCTTG,CAAGATTGATACGGCGGTAA,112
42,R2,2,GTGCAGTGCTGTGTTCAGAC,GTCTGAACACAGCACTGCAC,1643
42,R2,3,TTGCTAATCACGTGAAGTGT,ACACTTCACGTGATTAGCAA,961
42,R2,4,CAACAGCTCTCAGTATTGTA,TACAATACTGAGAGCTGTTG,512
42,R2,5,GTGCAATGCATTACTGAGAA,TTCTCAGTAATGCATTGCAC,3019
42,R2,6,GTGCCATACTATGTATAGGA,TCCTATACATAGTATGGCAC,1563
42,R2,7,GTGCATTGATCTACGTAGAT,ATCTACGTAGATCAATGCAC,1171
42,R2,8,ACACCATATAAGGTAGAGGA,TCCTCTACCTTATATGGTGT,3007
42,R2,9,AGGATGGAGTAACATGCAAT,ATTGCATGTTACTCCATCCT,617
42,R2,no,no,no,3353
43,R1,1,ACACCAAGCTGAGTAGAGTA,TACTCTACTCAGCTTGGTGT,752
43,R1,10,CATGACACCACACTGGGTAG,CTACCCAGTGTGGTGTCATG,29263
43,R1,11,GAGCATTACATTATCCAGAA,TTCTGGATAATGTAATGCTC,709
43,R1,12,GTGCAGTGCTCTTCTTGGAC,GTCCAAGAAGAGCACTGCAC,2164
43,R1,13,GTGGTAAGCCTTACTCAGAA,TTCTGAGTAAGGCTTACCAC,458
43,R1,14,GATCAGCGCCATTCTAAATA,TATTTAGAATGGCGCTGATC,581
43,R1,15,GATCAGCACCATTCTAAATA,TATTTAGAATGGTGCTGATC,17174
43,R1,16,CATCAGTGCCATTCTAAATA,TATTTAGAATGGCACTGATG,1836
43,R1,17,TTACCGCCGTATCAATCTTG,CAAGATTGATACGGCGGTAA,9334
43,R1,2,GTGCAGTGCTGTGTTCAGAC,GTCTGAACACAGCACTGCAC,735
43,R1,3,TTGCTAATCACGTGAAGTGT,ACACTTCACGTGATTAGCAA,738
43,R1,4,CAACAGCTCTCAGTATTGTA,TACAATACTGAGAGCTGTTG,223
43,R1,5,GTGCAATGCATTACTGAGAA,TTCTCAGTAATGCATTGCAC,2353
43,R1,6,GTGCCATACTATGTATAGGA,TCCTATACATAGTATGGCAC,996
43,R1,7,GTGCATTGATCTACGTAGAT,ATCTACGTAGATCAATGCAC,896
43,R1,8,ACACCATATAAGGTAGAGGA,TCCTCTACCTTATATGGTGT,1506
43,R1,9,AGGATGGAGTAACATGCAAT,ATTGCATGTTACTCCATCCT,15816
43,R1,no,no,no,1061
43,R2,1,ACACCAAGCTGAGTAGAGTA,TACTCTACTCAGCTTGGTGT,729
43,R2,10,CATGACACCACACTGGGTAG,CTACCCAGTGTGGTGTCATG,28414
43,R2,11,GAGCATTACATTATCCAGAA,TTCTGGATAATGTAATGCTC,694
43,R2,12,GTGCAGTGCTCTTCTTGGAC,GTCCAAGAAGAGCACTGCAC,2116
43,R2,13,GTGGTAAGCCTTACTCAGAA,TTCTGAGTAAGGCTTACCAC,450
43,R2,14,GATCAGCGCCATTCTAAATA,TATTTAGAATGGCGCTGATC,568
43,R2,15,GATCAGCACCATTCTAAATA,TATTTAGAATGGTGCTGATC,16768
43,R2,16,CATCAGTGCCATTCTAAATA,TATTTAGAATGGCACTGATG,1786
43,R2,17,TTACCGCCGTATCAATCTTG,CAAGATTGATACGGCGGTAA,9106
43,R2,2,GTGCAGTGCTGTGTTCAGAC,GTCTGAACACAGCACTGCAC,717
43,R2,3,TTGCTAATCACGTGAAGTGT,ACACTTCACGTGATTAGCAA,715
43,R2,4,CAACAGCTCTCAGTATTGTA,TACAATACTGAGAGCTGTTG,219
43,R2,5,GTGCAATGCATTACTGAGAA,TTCTCAGTAATGCATTGCAC,2299
43,R2,6,GTGCCATACTATGTATAGGA,TCCTATACATAGTATGGCAC,979
43,R2,7,GTGCATTGATCTACGTAGAT,ATCTACGTAGATCAATGCAC,876
43,R2,8,ACACCATATAAGGTAGAGGA,TCCTCTACCTTATATGGTGT,1459
43,R2,9,AGGATGGAGTAACATGCAAT,ATTGCATGTTACTCCATCCT,15385
43,R2,no,no,no,3315
44,R1,1,ACACCAAGCTGAGTAGAGTA,TACTCTACTCAGCTTGGTGT,1511
44,R1,10,CATGACACCACACTGGGTAG,CTACCCAGTGTGGTGTCATG,4230
44,R1,11,GAGCATTACATTATCCAGAA,TTCTGGATAATGTAATGCTC,1022
44,R1,12,GTGCAGTGCTCTTCTTGGAC,GTCCAAGAAGAGCACTGCAC,3824
44,R1,13,GTGGTAAGCCTTACTCAGAA,TTCTGAGTAAGGCTTACCAC,732
44,R1,14,GATCAGCGCCATTCTAAATA,TATTTAGAATGGCGCTGATC,1182
44,R1,15,GATCAGCACCATTCTAAATA,TATTTAGAATGGTGCTGATC,33702
44,R1,16,CATCAGTGCCATTCTAAATA,TATTTAGAATGGCACTGATG,3601
44,R1,17,TTACCGCCGTATCAATCTTG,CAAGATTGATACGGCGGTAA,30
44,R1,2,GTGCAGTGCTGTGTTCAGAC,GTCTGAACACAGCACTGCAC,1223
44,R1,3,TTGCTAATCACGTGAAGTGT,ACACTTCACGTGATTAGCAA,559
44,R1,4,CAACAGCTCTCAGTATTGTA,TACAATACTGAGAGCTGTTG,279
44,R1,5,GTGCAATGCATTACTGAGAA,TTCTCAGTAATGCATTGCAC,2880
44,R1,6,GTGCCATACTATGTATAGGA,TCCTATACATAGTATGGCAC,30651
44,R1,7,GTGCATTGATCTACGTAGAT,ATCTACGTAGATCAATGCAC,1260
44,R1,8,ACACCATATAAGGTAGAGGA,TCCTCTACCTTATATGGTGT,2662
44,R1,9,AGGATGGAGTAACATGCAAT,ATTGCATGTTACTCCATCCT,692
44,R1,no,no,no,1321
44,R2,1,ACACCAAGCTGAGTAGAGTA,TACTCTACTCAGCTTGGTGT,1471
44,R2,10,CATGACACCACACTGGGTAG,CTACCCAGTGTGGTGTCATG,4120
44,R2,11,GAGCATTACATTATCCAGAA,TTCTGGATAATGTAATGCTC,1004
44,R2,12,GTGCAGTGCTCTTCTTGGAC,GTCCAAGAAGAGCACTGCAC,3716
44,R2,13,GTGGTAAGCCTTACTCAGAA,TTCTGAGTAAGGCTTACCAC,719
44,R2,14,GATCAGCGCCATTCTAAATA,TATTTAGAATGGCGCTGATC,1157
44,R2,15,GATCAGCACCATTCTAAATA,TATTTAGAATGGTGCTGATC,32866
44,R2,16,CATCAGTGCCATTCTAAATA,TATTTAGAATGGCACTGATG,3510
44,R2,17,TTACCGCCGTATCAATCTTG,CAAGATTGATACGGCGGTAA,26
44,R2,2,GTGCAGTGCTGTGTTCAGAC,GTCTGAACACAGCACTGCAC,1204
44,R2,3,TTGCTAATCACGTGAAGTGT,ACACTTCACGTGATTAGCAA,538
44,R2,4,CAACAGCTCTCAGTATTGTA,TACAATACTGAGAGCTGTTG,269
44,R2,5,GTGCAATGCATTACTGAGAA,TTCTCAGTAATGCATTGCAC,2821
44,R2,6,GTGCCATACTATGTATAGGA,TCCTATACATAGTATGGCAC,30036
44,R2,7,GTGCATTGATCTACGTAGAT,ATCTACGTAGATCAATGCAC,1206
44,R2,8,ACACCATATAAGGTAGAGGA,TCCTCTACCTTATATGGTGT,2581
44,R2,9,AGGATGGAGTAACATGCAAT,ATTGCATGTTACTCCATCCT,662
44,R2,no,no,no,3455
46,R1,1,ACACCAAGCTGAGTAGAGTA,TACTCTACTCAGCTTGGTGT,22008
46,R1,10,CATGACACCACACTGGGTAG,CTACCCAGTGTGGTGTCATG,8468
46,R1,11,GAGCATTACATTATCCAGAA,TTCTGGATAATGTAATGCTC,330
46,R1,12,GTGCAGTGCTCTTCTTGGAC,GTCCAAGAAGAGCACTGCAC,6317
46,R1,13,GTGGTAAGCCTTACTCAGAA,TTCTGAGTAAGGCTTACCAC,14281
46,R1,14,GATCAGCGCCATTCTAAATA,TATTTAGAATGGCGCTGATC,6555
46,R1,15,GATCAGCACCATTCTAAATA,TATTTAGAATGGTGCTGATC,503
46,R1,16,CATCAGTGCCATTCTAAATA,TATTTAGAATGGCACTGATG,7828
46,R1,17,TTACCGCCGTATCAATCTTG,CAAGATTGATACGGCGGTAA,7383
46,R1,2,GTGCAGTGCTGTGTTCAGAC,GTCTGAACACAGCACTGCAC,7644
46,R1,3,TTGCTAATCACGTGAAGTGT,ACACTTCACGTGATTAGCAA,371
46,R1,4,CAACAGCTCTCAGTATTGTA,TACAATACTGAGAGCTGTTG,88
46,R1,5,GTGCAATGCATTACTGAGAA,TTCTCAGTAATGCATTGCAC,7928
46,R1,6,GTGCCATACTATGTATAGGA,TCCTATACATAGTATGGCAC,541
46,R1,7,GTGCATTGATCTACGTAGAT,ATCTACGTAGATCAATGCAC,7718
46,R1,8,ACACCATATAAGGTAGAGGA,TCCTCTACCTTATATGGTGT,882
46,R1,9,AGGATGGAGTAACATGCAAT,ATTGCATGTTACTCCATCCT,13453
46,R1,no,no,no,1523
46,R2,1,ACACCAAGCTGAGTAGAGTA,TACTCTACTCAGCTTGGTGT,21594
46,R2,10,CATGACACCACACTGGGTAG,CTACCCAGTGTGGTGTCATG,8228
46,R2,11,GAGCATTACATTATCCAGAA,TTCTGGATAATGTAATGCTC,323
46,R2,12,GTGCAGTGCTCTTCTTGGAC,GTCCAAGAAGAGCACTGCAC,6165
46,R2,13,GTGGTAAGCCTTACTCAGAA,TTCTGAGTAAGGCTTACCAC,13900
46,R2,14,GATCAGCGCCATTCTAAATA,TATTTAGAATGGCGCTGATC,6387
46,R2,15,GATCAGCACCATTCTAAATA,TATTTAGAATGGTGCTGATC,491
46,R2,16,CATCAGTGCCATTCTAAATA,TATTTAGAATGGCACTGATG,7622
46,R2,17,TTACCGCCGTATCAATCTTG,CAAGATTGATACGGCGGTAA,7219
46,R2,2,GTGCAGTGCTGTGTTCAGAC,GTCTGAACACAGCACTGCAC,7499
46,R2,3,TTGCTAATCACGTGAAGTGT,ACACTTCACGTGATTAGCAA,358
46,R2,4,CAACAGCTCTCAGTATTGTA,TACAATACTGAGAGCTGTTG,80
46,R2,5,GTGCAATGCATTACTGAGAA,TTCTCAGTAATGCATTGCAC,7765
46,R2,6,GTGCCATACTATGTATAGGA,TCCTATACATAGTATGGCAC,530
46,R2,7,GTGCATTGATCTACGTAGAT,ATCTACGTAGATCAATGCAC,7533
46,R2,8,ACACCATATAAGGTAGAGGA,TCCTCTACCTTATATGGTGT,859
46,R2,9,AGGATGGAGTAACATGCAAT,ATTGCATGTTACTCCATCCT,13065
46,R2,no,no,no,4203
47,R1,1,ACACCAAGCTGAGTAGAGTA,TACTCTACTCAGCTTGGTGT,768
47,R1,10,CATGACACCACACTGGGTAG,CTACCCAGTGTGGTGTCATG,2184
47,R1,11,GAGCATTACATTATCCAGAA,TTCTGGATAATGTAATGCTC,758
47,R1,12,GTGCAGTGCTCTTCTTGGAC,GTCCAAGAAGAGCACTGCAC,25879
47,R1,13,GTGGTAAGCCTTACTCAGAA,TTCTGAGTAAGGCTTACCAC,632
47,R1,14,GATCAGCGCCATTCTAAATA,TATTTAGAATGGCGCTGATC,574
47,R1,15,GATCAGCACCATTCTAAATA,TATTTAGAATGGTGCTGATC,896
47,R1,16,CATCAGTGCCATTCTAAATA,TATTTAGAATGGCACTGATG,2337
47,R1,17,TTACCGCCGTATCAATCTTG,CAAGATTGATACGGCGGTAA,27054
47,R1,2,GTGCAGTGCTGTGTTCAGAC,GTCTGAACACAGCACTGCAC,666
47,R1,3,TTGCTAATCACGTGAAGTGT,ACACTTCACGTGATTAGCAA,639
47,R1,4,CAACAGCTCTCAGTATTGTA,TACAATACTGAGAGCTGTTG,382
47,R1,5,GTGCAATGCATTACTGAGAA,TTCTCAGTAATGCATTGCAC,2214
47,R1,6,GTGCCATACTATGTATAGGA,TCCTATACATAGTATGGCAC,29123
47,R1,7,GTGCATTGATCTACGTAGAT,ATCTACGTAGATCAATGCAC,732
47,R1,8,ACACCATATAAGGTAGAGGA,TCCTCTACCTTATATGGTGT,1431
47,R1,9,AGGATGGAGTAACATGCAAT,ATTGCATGTTACTCCATCCT,724
47,R1,no,no,no,1452
47,R2,1,ACACCAAGCTGAGTAGAGTA,TACTCTACTCAGCTTGGTGT,754
47,R2,10,CATGACACCACACTGGGTAG,CTACCCAGTGTGGTGTCATG,2121
47,R2,11,GAGCATTACATTATCCAGAA,TTCTGGATAATGTAATGCTC,746
47,R2,12,GTGCAGTGCTCTTCTTGGAC,GTCCAAGAAGAGCACTGCAC,25282
47,R2,13,GTGGTAAGCCTTACTCAGAA,TTCTGAGTAAGGCTTACCAC,618
47,R2,14,GATCAGCGCCATTCTAAATA,TATTTAGAATGGCGCTGATC,559
47,R2,15,GATCAGCACCATTCTAAATA,TATTTAGAATGGTGCTGATC,880
47,R2,16,CATCAGTGCCATTCTAAATA,TATTTAGAATGGCACTGATG,2284
47,R2,17,TTACCGCCGTATCAATCTTG,CAAGATTGATACGGCGGTAA,26390
47,R2,2,GTGCAGTGCTGTGTTCAGAC,GTCTGAACACAGCACTGCAC,654
47,R2,3,TTGCTAATCACGTGAAGTGT,ACACTTCACGTGATTAGCAA,612
47,R2,4,CAACAGCTCTCAGTATTGTA,TACAATACTGAGAGCTGTTG,373
47,R2,5,GTGCAATGCATTACTGAGAA,TTCTCAGTAATGCATTGCAC,2154
47,R2,6,GTGCCATACTATGTATAGGA,TCCTATACATAGTATGGCAC,28489
47,R2,7,GTGCATTGATCTACGTAGAT,ATCTACGTAGATCAATGCAC,704
47,R2,8,ACACCATATAAGGTAGAGGA,TCCTCTACCTTATATGGTGT,1378
47,R2,9,AGGATGGAGTAACATGCAAT,ATTGCATGTTACTCCATCCT,696
47,R2,no,no,no,3751
5,R1,1,ACACCAAGCTGAGTAGAGTA,TACTCTACTCAGCTTGGTGT,1483
5,R1,10,CATGACACCACACTGGGTAG,CTACCCAGTGTGGTGTCATG,4424
5,R1,11,GAGCATTACATTATCCAGAA,TTCTGGATAATGTAATGCTC,20454
5,R1,12,GTGCAGTGCTCTTCTTGGAC,GTCCAAGAAGAGCACTGCAC,3822
5,R1,13,GTGGTAAGCCTTACTCAGAA,TTCTGAGTAAGGCTTACCAC,1398
5,R1,14,GATCAGCGCCATTCTAAATA,TATTTAGAATGGCGCTGATC,1275
5,R1,15,GATCAGCACCATTCTAAATA,TATTTAGAATGGTGCTGATC,1242
5,R1,16,CATCAGTGCCATTCTAAATA,TATTTAGAATGGCACTGATG,3038
5,R1,17,TTACCGCCGTATCAATCTTG,CAAGATTGATACGGCGGTAA,23642
5,R1,2,GTGCAGTGCTGTGTTCAGAC,GTCTGAACACAGCACTGCAC,1437
5,R1,3,TTGCTAATCACGTGAAGTGT,ACACTTCACGTGATTAGCAA,1063
5,R1,4,CAACAGCTCTCAGTATTGTA,TACAATACTGAGAGCTGTTG,430
5,R1,5,GTGCAATGCATTACTGAGAA,TTCTCAGTAATGCATTGCAC,2932
5,R1,6,GTGCCATACTATGTATAGGA,TCCTATACATAGTATGGCAC,1479
5,R1,7,GTGCATTGATCTACGTAGAT,ATCTACGTAGATCAATGCAC,1459
5,R1,8,ACACCATATAAGGTAGAGGA,TCCTCTACCTTATATGGTGT,21287
5,R1,9,AGGATGGAGTAACATGCAAT,ATTGCATGTTACTCCATCCT,781
5,R1,no,no,no,1878
5,R2,1,ACACCAAGCTGAGTAGAGTA,TACTCTACTCAGCTTGGTGT,1459
5,R2,10,CATGACACCACACTGGGTAG,CTACCCAGTGTGGTGTCATG,4355
5,R2,11,GAGCATTACATTATCCAGAA,TTCTGGATAATGTAATGCTC,20201
5,R2,12,GTGCAGTGCTCTTCTTGGAC,GTCCAAGAAGAGCACTGCAC,3777
5,R2,13,GTGGTAAGCCTTACTCAGAA,TTCTGAGTAAGGCTTACCAC,1388
5,R2,14,GATCAGCGCCATTCTAAATA,TATTTAGAATGGCGCTGATC,1272
5,R2,15,GATCAGCACCATTCTAAATA,TATTTAGAATGGTGCTGATC,1225
5,R2,16,CATCAGTGCCATTCTAAATA,TATTTAGAATGGCACTGATG,3003
5,R2,17,TTACCGCCGTATCAATCTTG,CAAGATTGATACGGCGGTAA,23437
5,R2,2,GTGCAGTGCTGTGTTCAGAC,GTCTGAACACAGCACTGCAC,1427
5,R2,3,TTGCTAATCACGTGAAGTGT,ACACTTCACGTGATTAGCAA,1046
5,R2,4,CAACAGCTCTCAGTATTGTA,TACAATACTGAGAGCTGTTG,431
5,R2,5,GTGCAATGCATTACTGAGAA,TTCTCAGTAATGCATTGCAC,2918
5,R2,6,GTGCCATACTATGTATAGGA,TCCTATACATAGTATGGCAC,1458
5,R2,7,GTGCATTGATCTACGTAGAT,ATCTACGTAGATCAATGCAC,1442
5,R2,8,ACACCATATAAGGTAGAGGA,TCCTCTACCTTATATGGTGT,21029
5,R2,9,AGGATGGAGTAACATGCAAT,ATTGCATGTTACTCCATCCT,768
5,R2,no,no,no,2888
8,R1,1,ACACCAAGCTGAGTAGAGTA,TACTCTACTCAGCTTGGTGT,772
8,R1,10,CATGACACCACACTGGGTAG,CTACCCAGTGTGGTGTCATG,2752
8,R1,11,GAGCATTACATTATCCAGAA,TTCTGGATAATGTAATGCTC,989
8,R1,12,GTGCAGTGCTCTTCTTGGAC,GTCCAAGAAGAGCACTGCAC,1974
8,R1,13,GTGGTAAGCCTTACTCAGAA,TTCTGAGTAAGGCTTACCAC,512
8,R1,14,GATCAGCGCCATTCTAAATA,TATTTAGAATGGCGCTGATC,535
8,R1,15,GATCAGCACCATTCTAAATA,TATTTAGAATGGTGCTGATC,24737
8,R1,16,CATCAGTGCCATTCTAAATA,TATTTAGAATGGCACTGATG,2632
8,R1,17,TTACCGCCGTATCAATCTTG,CAAGATTGATACGGCGGTAA,387
8,R1,2,GTGCAGTGCTGTGTTCAGAC,GTCTGAACACAGCACTGCAC,590
8,R1,3,TTGCTAATCACGTGAAGTGT,ACACTTCACGTGATTAGCAA,747
8,R1,4,CAACAGCTCTCAGTATTGTA,TACAATACTGAGAGCTGTTG,564
8,R1,5,GTGCAATGCATTACTGAGAA,TTCTCAGTAATGCATTGCAC,2162
8,R1,6,GTGCCATACTATGTATAGGA,TCCTATACATAGTATGGCAC,833
8,R1,7,GTGCATTGATCTACGTAGAT,ATCTACGTAGATCAATGCAC,47177
8,R1,8,ACACCATATAAGGTAGAGGA,TCCTCTACCTTATATGGTGT,1809
8,R1,9,AGGATGGAGTAACATGCAAT,ATTGCATGTTACTCCATCCT,607
8,R1,no,no,no,1691
8,R2,1,ACACCAAGCTGAGTAGAGTA,TACTCTACTCAGCTTGGTGT,769
8,R2,10,CATGACACCACACTGGGTAG,CTACCCAGTGTGGTGTCATG,2719
8,R2,11,GAGCATTACATTATCCAGAA,TTCTGGATAATGTAATGCTC,981
8,R2,12,GTGCAGTGCTCTTCTTGGAC,GTCCAAGAAGAGCACTGCAC,1977
8,R2,13,GTGGTAAGCCTTACTCAGAA,TTCTGAGTAAGGCTTACCAC,510
8,R2,14,GATCAGCGCCATTCTAAATA,TATTTAGAATGGCGCTGATC,536
8,R2,15,GATCAGCACCATTCTAAATA,TATTTAGAATGGTGCTGATC,24496
8,R2,16,CATCAGTGCCATTCTAAATA,TATTTAGAATGGCACTGATG,2592
8,R2,17,TTACCGCCGTATCAATCTTG,CAAGATTGATACGGCGGTAA,382
8,R2,2,GTGCAGTGCTGTGTTCAGAC,GTCTGAACACAGCACTGCAC,586
8,R2,3,TTGCTAATCACGTGAAGTGT,ACACTTCACGTGATTAGCAA,734
8,R2,4,CAACAGCTCTCAGTATTGTA,TACAATACTGAGAGCTGTTG,561
8,R2,5,GTGCAATGCATTACTGAGAA,TTCTCAGTAATGCATTGCAC,2160
8,R2,6,GTGCCATACTATGTATAGGA,TCCTATACATAGTATGGCAC,823
8,R2,7,GTGCATTGATCTACGTAGAT,ATCTACGTAGATCAATGCAC,46753
8,R2,8,ACACCATATAAGGTAGAGGA,TCCTCTACCTTATATGGTGT,1803
8,R2,9,AGGATGGAGTAACATGCAAT,ATTGCATGTTACTCCATCCT,601
8,R2,no,no,no,2487
9,R1,1,ACACCAAGCTGAGTAGAGTA,TACTCTACTCAGCTTGGTGT,538
9,R1,10,CATGACACCACACTGGGTAG,CTACCCAGTGTGGTGTCATG,1028
9,R1,11,GAGCATTACATTATCCAGAA,TTCTGGATAATGTAATGCTC,206
9,R1,12,GTGCAGTGCTCTTCTTGGAC,GTCCAAGAAGAGCACTGCAC,1047
9,R1,13,GTGGTAAGCCTTACTCAGAA,TTCTGAGTAAGGCTTACCAC,9081
9,R1,14,GATCAGCGCCATTCTAAATA,TATTTAGAATGGCGCTGATC,361
9,R1,15,GATCAGCACCATTCTAAATA,TATTTAGAATGGTGCTGATC,20922
9,R1,16,CATCAGTGCCATTCTAAATA,TATTTAGAATGGCACTGATG,9791
9,R1,17,TTACCGCCGTATCAATCTTG,CAAGATTGATACGGCGGTAA,22
9,R1,2,GTGCAGTGCTGTGTTCAGAC,GTCTGAACACAGCACTGCAC,234
9,R1,3,TTGCTAATCACGTGAAGTGT,ACACTTCACGTGATTAGCAA,262
9,R1,4,CAACAGCTCTCAGTATTGTA,TACAATACTGAGAGCTGTTG,163
9,R1,5,GTGCAATGCATTACTGAGAA,TTCTCAGTAATGCATTGCAC,10074
9,R1,6,GTGCCATACTATGTATAGGA,TCCTATACATAGTATGGCAC,382
9,R1,7,GTGCATTGATCTACGTAGAT,ATCTACGTAGATCAATGCAC,297
9,R1,8,ACACCATATAAGGTAGAGGA,TCCTCTACCTTATATGGTGT,701
9,R1,9,AGGATGGAGTAACATGCAAT,ATTGCATGTTACTCCATCCT,153
9,R1,no,no,no,1144
9,R2,1,ACACCAAGCTGAGTAGAGTA,TACTCTACTCAGCTTGGTGT,535
9,R2,10,CATGACACCACACTGGGTAG,CTACCCAGTGTGGTGTCATG,1016
9,R2,11,GAGCATTACATTATCCAGAA,TTCTGGATAATGTAATGCTC,206
9,R2,12,GTGCAGTGCTCTTCTTGGAC,GTCCAAGAAGAGCACTGCAC,1047
9,R2,13,GTGGTAAGCCTTACTCAGAA,TTCTGAGTAAGGCTTACCAC,9028
9,R2,14,GATCAGCGCCATTCTAAATA,TATTTAGAATGGCGCTGATC,352
9,R2,15,GATCAGCACCATTCTAAATA,TATTTAGAATGGTGCTGATC,20794
9,R2,16,CATCAGTGCCATTCTAAATA,TATTTAGAATGGCACTGATG,9686
9,R2,17,TTACCGCCGTATCAATCTTG,CAAGATTGATACGGCGGTAA,22
9,R2,2,GTGCAGTGCTGTGTTCAGAC,GTCTGAACACAGCACTGCAC,232
9,R2,3,TTGCTAATCACGTGAAGTGT,ACACTTCACGTGATTAGCAA,258
9,R2,4,CAACAGCTCTCAGTATTGTA,TACAATACTGAGAGCTGTTG,163
9,R2,5,GTGCAATGCATTACTGAGAA,TTCTCAGTAATGCATTGCAC,10015
9,R2,6,GTGCCATACTATGTATAGGA,TCCTATACATAGTATGGCAC,385
9,R2,7,GTGCATTGATCTACGTAGAT,ATCTACGTAGATCAATGCAC,298
9,R2,8,ACACCATATAAGGTAGAGGA,TCCTCTACCTTATATGGTGT,703
9,R2,9,AGGATGGAGTAACATGCAAT,ATTGCATGTTACTCCATCCT,147
9,R2,no,no,no,1519
Undetermined,R1,1,ACACCAAGCTGAGTAGAGTA,TACTCTACTCAGCTTGGTGT,56545
Undetermined,R1,10,CATGACACCACACTGGGTAG,CTACCCAGTGTGGTGTCATG,43818
Undetermined,R1,11,GAGCATTACATTATCCAGAA,TTCTGGATAATGTAATGCTC,12109
Undetermined,R1,12,GTGCAGTGCTCTTCTTGGAC,GTCCAAGAAGAGCACTGCAC,34334
Undetermined,R1,13,GTGGTAAGCCTTACTCAGAA,TTCTGAGTAAGGCTTACCAC,9452
Undetermined,R1,14,GATCAGCGCCATTCTAAATA,TATTTAGAATGGCGCTGATC,20310
Undetermined,R1,15,GATCAGCACCATTCTAAATA,TATTTAGAATGGTGCTGATC,42503
Undetermined,R1,16,CATCAGTGCCATTCTAAATA,TATTTAGAATGGCACTGATG,33458
Undetermined,R1,17,TTACCGCCGTATCAATCTTG,CAAGATTGATACGGCGGTAA,37266
Undetermined,R1,2,GTGCAGTGCTGTGTTCAGAC,GTCTGAACACAGCACTGCAC,6205
Undetermined,R1,3,TTGCTAATCACGTGAAGTGT,ACACTTCACGTGATTAGCAA,11004
Undetermined,R1,4,CAACAGCTCTCAGTATTGTA,TACAATACTGAGAGCTGTTG,5554
Undetermined,R1,5,GTGCAATGCATTACTGAGAA,TTCTCAGTAATGCATTGCAC,43814
Undetermined,R1,6,GTGCCATACTATGTATAGGA,TCCTATACATAGTATGGCAC,39363
Undetermined,R1,7,GTGCATTGATCTACGTAGAT,ATCTACGTAGATCAATGCAC,42307
Undetermined,R1,8,ACACCATATAAGGTAGAGGA,TCCTCTACCTTATATGGTGT,24252
Undetermined,R1,9,AGGATGGAGTAACATGCAAT,ATTGCATGTTACTCCATCCT,24687
Undetermined,R1,no,no,no,644716
Undetermined,R2,1,ACACCAAGCTGAGTAGAGTA,TACTCTACTCAGCTTGGTGT,52844
Undetermined,R2,10,CATGACACCACACTGGGTAG,CTACCCAGTGTGGTGTCATG,39014
Undetermined,R2,11,GAGCATTACATTATCCAGAA,TTCTGGATAATGTAATGCTC,11420
Undetermined,R2,12,GTGCAGTGCTCTTCTTGGAC,GTCCAAGAAGAGCACTGCAC,31376
Undetermined,R2,13,GTGGTAAGCCTTACTCAGAA,TTCTGAGTAAGGCTTACCAC,8525
Undetermined,R2,14,GATCAGCGCCATTCTAAATA,TATTTAGAATGGCGCTGATC,18830
Undetermined,R2,15,GATCAGCACCATTCTAAATA,TATTTAGAATGGTGCTGATC,41476
Undetermined,R2,16,CATCAGTGCCATTCTAAATA,TATTTAGAATGGCACTGATG,31279
Undetermined,R2,17,TTACCGCCGTATCAATCTTG,CAAGATTGATACGGCGGTAA,34949
Undetermined,R2,2,GTGCAGTGCTGTGTTCAGAC,GTCTGAACACAGCACTGCAC,5767
Undetermined,R2,3,TTGCTAATCACGTGAAGTGT,ACACTTCACGTGATTAGCAA,9099
Undetermined,R2,4,CAACAGCTCTCAGTATTGTA,TACAATACTGAGAGCTGTTG,5080
Undetermined,R2,5,GTGCAATGCATTACTGAGAA,TTCTCAGTAATGCATTGCAC,41544
Undetermined,R2,6,GTGCCATACTATGTATAGGA,TCCTATACATAGTATGGCAC,35908
Undetermined,R2,7,GTGCATTGATCTACGTAGAT,ATCTACGTAGATCAATGCAC,39754
Undetermined,R2,8,ACACCATATAAGGTAGAGGA,TCCTCTACCTTATATGGTGT,22468
Undetermined,R2,9,AGGATGGAGTAACATGCAAT,ATTGCATGTTACTCCATCCT,21615
Undetermined,R2,no,no,no,680749
V-03,R1,1,ACACCAAGCTGAGTAGAGTA,TACTCTACTCAGCTTGGTGT,3567
V-03,R1,10,CATGACACCACACTGGGTAG,CTACCCAGTGTGGTGTCATG,7243
V-03,R1,11,GAGCATTACATTATCCAGAA,TTCTGGATAATGTAATGCTC,1486
V-03,R1,12,GTGCAGTGCTCTTCTTGGAC,GTCCAAGAAGAGCACTGCAC,6747
V-03,R1,13,GTGGTAAGCCTTACTCAGAA,TTCTGAGTAAGGCTTACCAC,2162
V-03,R1,14,GATCAGCGCCATTCTAAATA,TATTTAGAATGGCGCTGATC,11580
V-03,R1,15,GATCAGCACCATTCTAAATA,TATTTAGAATGGTGCTGATC,2821
V-03,R1,16,CATCAGTGCCATTCTAAATA,TATTTAGAATGGCACTGATG,5491
V-03,R1,17,TTACCGCCGTATCAATCTTG,CAAGATTGATACGGCGGTAA,356
V-03,R1,2,GTGCAGTGCTGTGTTCAGAC,GTCTGAACACAGCACTGCAC,1366
V-03,R1,3,TTGCTAATCACGTGAAGTGT,ACACTTCACGTGATTAGCAA,17429
V-03,R1,4,CAACAGCTCTCAGTATTGTA,TACAATACTGAGAGCTGTTG,205
V-03,R1,5,GTGCAATGCATTACTGAGAA,TTCTCAGTAATGCATTGCAC,5631
V-03,R1,6,GTGCCATACTATGTATAGGA,TCCTATACATAGTATGGCAC,2618
V-03,R1,7,GTGCATTGATCTACGTAGAT,ATCTACGTAGATCAATGCAC,2298
V-03,R1,8,ACACCATATAAGGTAGAGGA,TCCTCTACCTTATATGGTGT,5617
V-03,R1,9,AGGATGGAGTAACATGCAAT,ATTGCATGTTACTCCATCCT,1770
V-03,R1,no,no,no,5323
V-03,R2,1,ACACCAAGCTGAGTAGAGTA,TACTCTACTCAGCTTGGTGT,3498
V-03,R2,10,CATGACACCACACTGGGTAG,CTACCCAGTGTGGTGTCATG,7109
V-03,R2,11,GAGCATTACATTATCCAGAA,TTCTGGATAATGTAATGCTC,1452
V-03,R2,12,GTGCAGTGCTCTTCTTGGAC,GTCCAAGAAGAGCACTGCAC,6626
V-03,R2,13,GTGGTAAGCCTTACTCAGAA,TTCTGAGTAAGGCTTACCAC,2103
V-03,R2,14,GATCAGCGCCATTCTAAATA,TATTTAGAATGGCGCTGATC,11352
V-03,R2,15,GATCAGCACCATTCTAAATA,TATTTAGAATGGTGCTGATC,2762
V-03,R2,16,CATCAGTGCCATTCTAAATA,TATTTAGAATGGCACTGATG,5366
V-03,R2,17,TTACCGCCGTATCAATCTTG,CAAGATTGATACGGCGGTAA,350
V-03,R2,2,GTGCAGTGCTGTGTTCAGAC,GTCTGAACACAGCACTGCAC,1346
V-03,R2,3,TTGCTAATCACGTGAAGTGT,ACACTTCACGTGATTAGCAA,16908
V-03,R2,4,CAACAGCTCTCAGTATTGTA,TACAATACTGAGAGCTGTTG,203
V-03,R2,5,GTGCAATGCATTACTGAGAA,TTCTCAGTAATGCATTGCAC,5531
V-03,R2,6,GTGCCATACTATGTATAGGA,TCCTATACATAGTATGGCAC,2548
V-03,R2,7,GTGCATTGATCTACGTAGAT,ATCTACGTAGATCAATGCAC,2236
V-03,R2,8,ACACCATATAAGGTAGAGGA,TCCTCTACCTTATATGGTGT,5486
V-03,R2,9,AGGATGGAGTAACATGCAAT,ATTGCATGTTACTCCATCCT,1737
V-03,R2,no,no,no,7097
V-08,R1,1,ACACCAAGCTGAGTAGAGTA,TACTCTACTCAGCTTGGTGT,2108
V-08,R1,10,CATGACACCACACTGGGTAG,CTACCCAGTGTGGTGTCATG,5346
V-08,R1,11,GAGCATTACATTATCCAGAA,TTCTGGATAATGTAATGCTC,2199
V-08,R1,12,GTGCAGTGCTCTTCTTGGAC,GTCCAAGAAGAGCACTGCAC,6426
V-08,R1,13,GTGGTAAGCCTTACTCAGAA,TTCTGAGTAAGGCTTACCAC,6785
V-08,R1,14,GATCAGCGCCATTCTAAATA,TATTTAGAATGGCGCTGATC,12312
V-08,R1,15,GATCAGCACCATTCTAAATA,TATTTAGAATGGTGCTGATC,2011
V-08,R1,16,CATCAGTGCCATTCTAAATA,TATTTAGAATGGCACTGATG,6692
V-08,R1,17,TTACCGCCGTATCAATCTTG,CAAGATTGATACGGCGGTAA,894
V-08,R1,2,GTGCAGTGCTGTGTTCAGAC,GTCTGAACACAGCACTGCAC,1331
V-08,R1,3,TTGCTAATCACGTGAAGTGT,ACACTTCACGTGATTAGCAA,702
V-08,R1,4,CAACAGCTCTCAGTATTGTA,TACAATACTGAGAGCTGTTG,316
V-08,R1,5,GTGCAATGCATTACTGAGAA,TTCTCAGTAATGCATTGCAC,4005
V-08,R1,6,GTGCCATACTATGTATAGGA,TCCTATACATAGTATGGCAC,2939
V-08,R1,7,GTGCATTGATCTACGTAGAT,ATCTACGTAGATCAATGCAC,1970
V-08,R1,8,ACACCATATAAGGTAGAGGA,TCCTCTACCTTATATGGTGT,11496
V-08,R1,9,AGGATGGAGTAACATGCAAT,ATTGCATGTTACTCCATCCT,1589
V-08,R1,no,no,no,9856
V-08,R2,1,ACACCAAGCTGAGTAGAGTA,TACTCTACTCAGCTTGGTGT,2076
V-08,R2,10,CATGACACCACACTGGGTAG,CTACCCAGTGTGGTGTCATG,5204
V-08,R2,11,GAGCATTACATTATCCAGAA,TTCTGGATAATGTAATGCTC,2139
V-08,R2,12,GTGCAGTGCTCTTCTTGGAC,GTCCAAGAAGAGCACTGCAC,6330
V-08,R2,13,GTGGTAAGCCTTACTCAGAA,TTCTGAGTAAGGCTTACCAC,6621
V-08,R2,14,GATCAGCGCCATTCTAAATA,TATTTAGAATGGCGCTGATC,12042
V-08,R2,15,GATCAGCACCATTCTAAATA,TATTTAGAATGGTGCTGATC,1970
V-08,R2,16,CATCAGTGCCATTCTAAATA,TATTTAGAATGGCACTGATG,6522
V-08,R2,17,TTACCGCCGTATCAATCTTG,CAAGATTGATACGGCGGTAA,866
V-08,R2,2,GTGCAGTGCTGTGTTCAGAC,GTCTGAACACAGCACTGCAC,1316
V-08,R2,3,TTGCTAATCACGTGAAGTGT,ACACTTCACGTGATTAGCAA,679
V-08,R2,4,CAACAGCTCTCAGTATTGTA,TACAATACTGAGAGCTGTTG,307
V-08,R2,5,GTGCAATGCATTACTGAGAA,TTCTCAGTAATGCATTGCAC,3928
V-08,R2,6,GTGCCATACTATGTATAGGA,TCCTATACATAGTATGGCAC,2875
V-08,R2,7,GTGCATTGATCTACGTAGAT,ATCTACGTAGATCAATGCAC,1931
V-08,R2,8,ACACCATATAAGGTAGAGGA,TCCTCTACCTTATATGGTGT,11242
V-08,R2,9,AGGATGGAGTAACATGCAAT,ATTGCATGTTACTCCATCCT,1546
V-08,R2,no,no,no,11383
