1-01_R1,01,ACACCAAGCTGAGTAGAGTA,TACTCTACTCAGCTTGGTGT,224995
1-01_R1,02,GTGCAGTGCTGTGTTCAGAC,GTCTGAACACAGCACTGCAC,357
1-01_R1,03,TTGCTAATCACGTGAAGTGT,ACACTTCACGTGATTAGCAA,85
1-01_R1,04,CAACAGCTCTCAGTATTGTA,TACAATACTGAGAGCTGTTG,3
1-01_R1,05,GTGCAATGCATTACTGAGAA,TTCTCAGTAATGCATTGCAC,169
1-01_R1,06,GTGCCATACTATGTATAGGA,TCCTATACATAGTATGGCAC,7
1-01_R1,07,GTGCATTGATCTACGTAGAT,ATCTACGTAGATCAATGCAC,138
1-01_R1,08,ACACCATATAAGGTAGAGGA,TCCTCTACCTTATATGGTGT,8
1-01_R1,09,AGGATGGAGTAACATGCAAT,ATTGCATGTTACTCCATCCT,2
1-01_R1,10,CATGACACCACACTGGGTAG,CTACCCAGTGTGGTGTCATG,10
1-01_R1,11,GAGCATTACATTATCCAGAA,TTCTGGATAATGTAATGCTC,3
1-01_R1,12,GTGCAGTGCTCTTCTTGGAC,GTCCAAGAAGAGCACTGCAC,15
1-01_R1,13,GTGGTAAGCCTTACTCAGAA,TTCTGAGTAAGGCTTACCAC,6
1-01_R1,14,GATCAGCGCCATTCTAAATA,TATTTAGAATGGCGCTGATC,7
1-01_R1,15,GATCAGCACCATTCTAAATA,TATTTAGAATGGTGCTGATC,54
1-01_R1,16,CATCAGTGCCATTCTAAATA,TATTTAGAATGGCACTGATG,8
1-01_R1,17,TTACCGCCGTATCAATCTTG,CAAGATTGATACGGCGGTAA,7
1-01_R2,01,ACACCAAGCTGAGTAGAGTA,TACTCTACTCAGCTTGGTGT,219801
1-01_R2,02,GTGCAGTGCTGTGTTCAGAC,GTCTGAACACAGCACTGCAC,336
1-01_R2,03,TTGCTAATCACGTGAAGTGT,ACACTTCACGTGATTAGCAA,74
1-01_R2,04,CAACAGCTCTCAGTATTGTA,TACAATACTGAGAGCTGTTG,1
1-01_R2,05,GTGCAATGCATTACTGAGAA,TTCTCAGTAATGCATTGCAC,151
1-01_R2,06,GTGCCATACTATGTATAGGA,TCCTATACATAGTATGGCAC,6
1-01_R2,07,GTGCATTGATCTACGTAGAT,ATCTACGTAGATCAATGCAC,132
1-01_R2,08,ACACCATATAAGGTAGAGGA,TCCTCTACCTTATATGGTGT,7
1-01_R2,09,AGGATGGAGTAACATGCAAT,ATTGCATGTTACTCCATCCT,2
1-01_R2,10,CATGACACCACACTGGGTAG,CTACCCAGTGTGGTGTCATG,9
1-01_R2,11,GAGCATTACATTATCCAGAA,TTCTGGATAATGTAATGCTC,3
1-01_R2,12,GTGCAGTGCTCTTCTTGGAC,GTCCAAGAAGAGCACTGCAC,16
1-01_R2,13,GTGGTAAGCCTTACTCAGAA,TTCTGAGTAAGGCTTACCAC,6
1-01_R2,14,GATCAGCGCCATTCTAAATA,TATTTAGAATGGCGCTGATC,7
1-01_R2,15,GATCAGCACCATTCTAAATA,TATTTAGAATGGTGCTGATC,53
1-01_R2,16,CATCAGTGCCATTCTAAATA,TATTTAGAATGGCACTGATG,9
1-01_R2,17,TTACCGCCGTATCAATCTTG,CAAGATTGATACGGCGGTAA,8
1-02_R1,01,ACACCAAGCTGAGTAGAGTA,TACTCTACTCAGCTTGGTGT,96
1-02_R1,02,GTGCAGTGCTGTGTTCAGAC,GTCTGAACACAGCACTGCAC,236867
1-02_R1,03,TTGCTAATCACGTGAAGTGT,ACACTTCACGTGATTAGCAA,94
1-02_R1,04,CAACAGCTCTCAGTATTGTA,TACAATACTGAGAGCTGTTG,6
1-02_R1,05,GTGCAATGCATTACTGAGAA,TTCTCAGTAATGCATTGCAC,169
1-02_R1,06,GTGCCATACTATGTATAGGA,TCCTATACATAGTATGGCAC,6
1-02_R1,07,GTGCATTGATCTACGTAGAT,ATCTACGTAGATCAATGCAC,12
1-02_R1,08,ACACCATATAAGGTAGAGGA,TCCTCTACCTTATATGGTGT,140
1-02_R1,09,AGGATGGAGTAACATGCAAT,ATTGCATGTTACTCCATCCT,8
1-02_R1,10,CATGACACCACACTGGGTAG,CTACCCAGTGTGGTGTCATG,15
1-02_R1,11,GAGCATTACATTATCCAGAA,TTCTGGATAATGTAATGCTC,4
1-02_R1,12,GTGCAGTGCTCTTCTTGGAC,GTCCAAGAAGAGCACTGCAC,35
1-02_R1,13,GTGGTAAGCCTTACTCAGAA,TTCTGAGTAAGGCTTACCAC,7
1-02_R1,14,GATCAGCGCCATTCTAAATA,TATTTAGAATGGCGCTGATC,9
1-02_R1,15,GATCAGCACCATTCTAAATA,TATTTAGAATGGTGCTGATC,0
1-02_R1,16,CATCAGTGCCATTCTAAATA,TATTTAGAATGGCACTGATG,6
1-02_R1,17,TTACCGCCGTATCAATCTTG,CAAGATTGATACGGCGGTAA,44
1-02_R2,01,ACACCAAGCTGAGTAGAGTA,TACTCTACTCAGCTTGGTGT,90
1-02_R2,02,GTGCAGTGCTGTGTTCAGAC,GTCTGAACACAGCACTGCAC,231655
1-02_R2,03,TTGCTAATCACGTGAAGTGT,ACACTTCACGTGATTAGCAA,86
1-02_R2,04,CAACAGCTCTCAGTATTGTA,TACAATACTGAGAGCTGTTG,6
1-02_R2,05,GTGCAATGCATTACTGAGAA,TTCTCAGTAATGCATTGCAC,160
1-02_R2,06,GTGCCATACTATGTATAGGA,TCCTATACATAGTATGGCAC,6
1-02_R2,07,GTGCATTGATCTACGTAGAT,ATCTACGTAGATCAATGCAC,9
1-02_R2,08,ACACCATATAAGGTAGAGGA,TCCTCTACCTTATATGGTGT,131
1-02_R2,09,AGGATGGAGTAACATGCAAT,ATTGCATGTTACTCCATCCT,8
1-02_R2,10,CATGACACCACACTGGGTAG,CTACCCAGTGTGGTGTCATG,10
1-02_R2,11,GAGCATTACATTATCCAGAA,TTCTGGATAATGTAATGCTC,4
1-02_R2,12,GTGCAGTGCTCTTCTTGGAC,GTCCAAGAAGAGCACTGCAC,34
1-02_R2,13,GTGGTAAGCCTTACTCAGAA,TTCTGAGTAAGGCTTACCAC,7
1-02_R2,14,GATCAGCGCCATTCTAAATA,TATTTAGAATGGCGCTGATC,9
1-02_R2,15,GATCAGCACCATTCTAAATA,TATTTAGAATGGTGCTGATC,0
1-02_R2,16,CATCAGTGCCATTCTAAATA,TATTTAGAATGGCACTGATG,4
1-02_R2,17,TTACCGCCGTATCAATCTTG,CAAGATTGATACGGCGGTAA,44
1-03_R1,01,ACACCAAGCTGAGTAGAGTA,TACTCTACTCAGCTTGGTGT,94
1-03_R1,02,GTGCAGTGCTGTGTTCAGAC,GTCTGAACACAGCACTGCAC,339
1-03_R1,03,TTGCTAATCACGTGAAGTGT,ACACTTCACGTGATTAGCAA,356594
1-03_R1,04,CAACAGCTCTCAGTATTGTA,TACAATACTGAGAGCTGTTG,4
1-03_R1,05,GTGCAATGCATTACTGAGAA,TTCTCAGTAATGCATTGCAC,157
1-03_R1,06,GTGCCATACTATGTATAGGA,TCCTATACATAGTATGGCAC,12
1-03_R1,07,GTGCATTGATCTACGTAGAT,ATCTACGTAGATCAATGCAC,8
1-03_R1,08,ACACCATATAAGGTAGAGGA,TCCTCTACCTTATATGGTGT,3
1-03_R1,09,AGGATGGAGTAACATGCAAT,ATTGCATGTTACTCCATCCT,3
1-03_R1,10,CATGACACCACACTGGGTAG,CTACCCAGTGTGGTGTCATG,16
1-03_R1,11,GAGCATTACATTATCCAGAA,TTCTGGATAATGTAATGCTC,3
1-03_R1,12,GTGCAGTGCTCTTCTTGGAC,GTCCAAGAAGAGCACTGCAC,21
1-03_R1,13,GTGGTAAGCCTTACTCAGAA,TTCTGAGTAAGGCTTACCAC,6
1-03_R1,14,GATCAGCGCCATTCTAAATA,TATTTAGAATGGCGCTGATC,4
1-03_R1,15,GATCAGCACCATTCTAAATA,TATTTAGAATGGTGCTGATC,3
1-03_R1,16,CATCAGTGCCATTCTAAATA,TATTTAGAATGGCACTGATG,6
1-03_R1,17,TTACCGCCGTATCAATCTTG,CAAGATTGATACGGCGGTAA,8
1-03_R2,01,ACACCAAGCTGAGTAGAGTA,TACTCTACTCAGCTTGGTGT,86
1-03_R2,02,GTGCAGTGCTGTGTTCAGAC,GTCTGAACACAGCACTGCAC,320
1-03_R2,03,TTGCTAATCACGTGAAGTGT,ACACTTCACGTGATTAGCAA,345695
1-03_R2,04,CAACAGCTCTCAGTATTGTA,TACAATACTGAGAGCTGTTG,4
1-03_R2,05,GTGCAATGCATTACTGAGAA,TTCTCAGTAATGCATTGCAC,138
1-03_R2,06,GTGCCATACTATGTATAGGA,TCCTATACATAGTATGGCAC,13
1-03_R2,07,GTGCATTGATCTACGTAGAT,ATCTACGTAGATCAATGCAC,8
1-03_R2,08,ACACCATATAAGGTAGAGGA,TCCTCTACCTTATATGGTGT,2
1-03_R2,09,AGGATGGAGTAACATGCAAT,ATTGCATGTTACTCCATCCT,2
1-03_R2,10,CATGACACCACACTGGGTAG,CTACCCAGTGTGGTGTCATG,13
1-03_R2,11,GAGCATTACATTATCCAGAA,TTCTGGATAATGTAATGCTC,3
1-03_R2,12,GTGCAGTGCTCTTCTTGGAC,GTCCAAGAAGAGCACTGCAC,19
1-03_R2,13,GTGGTAAGCCTTACTCAGAA,TTCTGAGTAAGGCTTACCAC,5
1-03_R2,14,GATCAGCGCCATTCTAAATA,TATTTAGAATGGCGCTGATC,4
1-03_R2,15,GATCAGCACCATTCTAAATA,TATTTAGAATGGTGCTGATC,2
1-03_R2,16,CATCAGTGCCATTCTAAATA,TATTTAGAATGGCACTGATG,5
1-03_R2,17,TTACCGCCGTATCAATCTTG,CAAGATTGATACGGCGGTAA,9
1-05_R1,01,ACACCAAGCTGAGTAGAGTA,TACTCTACTCAGCTTGGTGT,137
1-05_R1,02,GTGCAGTGCTGTGTTCAGAC,GTCTGAACACAGCACTGCAC,520
1-05_R1,03,TTGCTAATCACGTGAAGTGT,ACACTTCACGTGATTAGCAA,129
1-05_R1,04,CAACAGCTCTCAGTATTGTA,TACAATACTGAGAGCTGTTG,1
1-05_R1,05,GTGCAATGCATTACTGAGAA,TTCTCAGTAATGCATTGCAC,300311
1-05_R1,06,GTGCCATACTATGTATAGGA,TCCTATACATAGTATGGCAC,8
1-05_R1,07,GTGCATTGATCTACGTAGAT,ATCTACGTAGATCAATGCAC,12
1-05_R1,08,ACACCATATAAGGTAGAGGA,TCCTCTACCTTATATGGTGT,6
1-05_R1,09,AGGATGGAGTAACATGCAAT,ATTGCATGTTACTCCATCCT,2
1-05_R1,10,CATGACACCACACTGGGTAG,CTACCCAGTGTGGTGTCATG,18
1-05_R1,11,GAGCATTACATTATCCAGAA,TTCTGGATAATGTAATGCTC,2
1-05_R1,12,GTGCAGTGCTCTTCTTGGAC,GTCCAAGAAGAGCACTGCAC,26
1-05_R1,13,GTGGTAAGCCTTACTCAGAA,TTCTGAGTAAGGCTTACCAC,8
1-05_R1,14,GATCAGCGCCATTCTAAATA,TATTTAGAATGGCGCTGATC,0
1-05_R1,15,GATCAGCACCATTCTAAATA,TATTTAGAATGGTGCTGATC,2
1-05_R1,16,CATCAGTGCCATTCTAAATA,TATTTAGAATGGCACTGATG,7
1-05_R1,17,TTACCGCCGTATCAATCTTG,CAAGATTGATACGGCGGTAA,182
1-05_R2,01,ACACCAAGCTGAGTAGAGTA,TACTCTACTCAGCTTGGTGT,123
1-05_R2,02,GTGCAGTGCTGTGTTCAGAC,GTCTGAACACAGCACTGCAC,500
1-05_R2,03,TTGCTAATCACGTGAAGTGT,ACACTTCACGTGATTAGCAA,119
1-05_R2,04,CAACAGCTCTCAGTATTGTA,TACAATACTGAGAGCTGTTG,1
1-05_R2,05,GTGCAATGCATTACTGAGAA,TTCTCAGTAATGCATTGCAC,292020
1-05_R2,06,GTGCCATACTATGTATAGGA,TCCTATACATAGTATGGCAC,9
1-05_R2,07,GTGCATTGATCTACGTAGAT,ATCTACGTAGATCAATGCAC,13
1-05_R2,08,ACACCATATAAGGTAGAGGA,TCCTCTACCTTATATGGTGT,8
1-05_R2,09,AGGATGGAGTAACATGCAAT,ATTGCATGTTACTCCATCCT,2
1-05_R2,10,CATGACACCACACTGGGTAG,CTACCCAGTGTGGTGTCATG,16
1-05_R2,11,GAGCATTACATTATCCAGAA,TTCTGGATAATGTAATGCTC,1
1-05_R2,12,GTGCAGTGCTCTTCTTGGAC,GTCCAAGAAGAGCACTGCAC,29
1-05_R2,13,GTGGTAAGCCTTACTCAGAA,TTCTGAGTAAGGCTTACCAC,7
1-05_R2,14,GATCAGCGCCATTCTAAATA,TATTTAGAATGGCGCTGATC,0
1-05_R2,15,GATCAGCACCATTCTAAATA,TATTTAGAATGGTGCTGATC,2
1-05_R2,16,CATCAGTGCCATTCTAAATA,TATTTAGAATGGCACTGATG,7
1-05_R2,17,TTACCGCCGTATCAATCTTG,CAAGATTGATACGGCGGTAA,173
1-07_R1,01,ACACCAAGCTGAGTAGAGTA,TACTCTACTCAGCTTGGTGT,83
1-07_R1,02,GTGCAGTGCTGTGTTCAGAC,GTCTGAACACAGCACTGCAC,7
1-07_R1,03,TTGCTAATCACGTGAAGTGT,ACACTTCACGTGATTAGCAA,0
1-07_R1,04,CAACAGCTCTCAGTATTGTA,TACAATACTGAGAGCTGTTG,1
1-07_R1,05,GTGCAATGCATTACTGAGAA,TTCTCAGTAATGCATTGCAC,9
1-07_R1,06,GTGCCATACTATGTATAGGA,TCCTATACATAGTATGGCAC,4
1-07_R1,07,GTGCATTGATCTACGTAGAT,ATCTACGTAGATCAATGCAC,259892
1-07_R1,08,ACACCATATAAGGTAGAGGA,TCCTCTACCTTATATGGTGT,357
1-07_R1,09,AGGATGGAGTAACATGCAAT,ATTGCATGTTACTCCATCCT,3
1-07_R1,10,CATGACACCACACTGGGTAG,CTACCCAGTGTGGTGTCATG,127
1-07_R1,11,GAGCATTACATTATCCAGAA,TTCTGGATAATGTAATGCTC,0
1-07_R1,12,GTGCAGTGCTCTTCTTGGAC,GTCCAAGAAGAGCACTGCAC,8
1-07_R1,13,GTGGTAAGCCTTACTCAGAA,TTCTGAGTAAGGCTTACCAC,4
1-07_R1,14,GATCAGCGCCATTCTAAATA,TATTTAGAATGGCGCTGATC,5
1-07_R1,15,GATCAGCACCATTCTAAATA,TATTTAGAATGGTGCTGATC,58
1-07_R1,16,CATCAGTGCCATTCTAAATA,TATTTAGAATGGCACTGATG,5
1-07_R1,17,TTACCGCCGTATCAATCTTG,CAAGATTGATACGGCGGTAA,8
1-07_R2,01,ACACCAAGCTGAGTAGAGTA,TACTCTACTCAGCTTGGTGT,79
1-07_R2,02,GTGCAGTGCTGTGTTCAGAC,GTCTGAACACAGCACTGCAC,8
1-07_R2,03,TTGCTAATCACGTGAAGTGT,ACACTTCACGTGATTAGCAA,1
1-07_R2,04,CAACAGCTCTCAGTATTGTA,TACAATACTGAGAGCTGTTG,3
1-07_R2,05,GTGCAATGCATTACTGAGAA,TTCTCAGTAATGCATTGCAC,7
1-07_R2,06,GTGCCATACTATGTATAGGA,TCCTATACATAGTATGGCAC,4
1-07_R2,07,GTGCATTGATCTACGTAGAT,ATCTACGTAGATCAATGCAC,254417
1-07_R2,08,ACACCATATAAGGTAGAGGA,TCCTCTACCTTATATGGTGT,331
1-07_R2,09,AGGATGGAGTAACATGCAAT,ATTGCATGTTACTCCATCCT,2
1-07_R2,10,CATGACACCACACTGGGTAG,CTACCCAGTGTGGTGTCATG,116
1-07_R2,11,GAGCATTACATTATCCAGAA,TTCTGGATAATGTAATGCTC,0
1-07_R2,12,GTGCAGTGCTCTTCTTGGAC,GTCCAAGAAGAGCACTGCAC,9
1-07_R2,13,GTGGTAAGCCTTACTCAGAA,TTCTGAGTAAGGCTTACCAC,4
1-07_R2,14,GATCAGCGCCATTCTAAATA,TATTTAGAATGGCGCTGATC,4
1-07_R2,15,GATCAGCACCATTCTAAATA,TATTTAGAATGGTGCTGATC,56
1-07_R2,16,CATCAGTGCCATTCTAAATA,TATTTAGAATGGCACTGATG,4
1-07_R2,17,TTACCGCCGTATCAATCTTG,CAAGATTGATACGGCGGTAA,8
1-09_R1,01,ACACCAAGCTGAGTAGAGTA,TACTCTACTCAGCTTGGTGT,4
1-09_R1,02,GTGCAGTGCTGTGTTCAGAC,GTCTGAACACAGCACTGCAC,5
1-09_R1,03,TTGCTAATCACGTGAAGTGT,ACACTTCACGTGATTAGCAA,109
1-09_R1,04,CAACAGCTCTCAGTATTGTA,TACAATACTGAGAGCTGTTG,2
1-09_R1,05,GTGCAATGCATTACTGAGAA,TTCTCAGTAATGCATTGCAC,4
1-09_R1,06,GTGCCATACTATGTATAGGA,TCCTATACATAGTATGGCAC,3
1-09_R1,07,GTGCATTGATCTACGTAGAT,ATCTACGTAGATCAATGCAC,111
1-09_R1,08,ACACCATATAAGGTAGAGGA,TCCTCTACCTTATATGGTGT,356
1-09_R1,09,AGGATGGAGTAACATGCAAT,ATTGCATGTTACTCCATCCT,2
1-09_R1,10,CATGACACCACACTGGGTAG,CTACCCAGTGTGGTGTCATG,96
1-09_R1,11,GAGCATTACATTATCCAGAA,TTCTGGATAATGTAATGCTC,7
1-09_R1,12,GTGCAGTGCTCTTCTTGGAC,GTCCAAGAAGAGCACTGCAC,9
1-09_R1,13,GTGGTAAGCCTTACTCAGAA,TTCTGAGTAAGGCTTACCAC,5
1-09_R1,14,GATCAGCGCCATTCTAAATA,TATTTAGAATGGCGCTGATC,2
1-09_R1,15,GATCAGCACCATTCTAAATA,TATTTAGAATGGTGCTGATC,2
1-09_R1,16,CATCAGTGCCATTCTAAATA,TATTTAGAATGGCACTGATG,3
1-09_R1,17,TTACCGCCGTATCAATCTTG,CAAGATTGATACGGCGGTAA,3
1-09_R2,01,ACACCAAGCTGAGTAGAGTA,TACTCTACTCAGCTTGGTGT,4
1-09_R2,02,GTGCAGTGCTGTGTTCAGAC,GTCTGAACACAGCACTGCAC,5
1-09_R2,03,TTGCTAATCACGTGAAGTGT,ACACTTCACGTGATTAGCAA,103
1-09_R2,04,CAACAGCTCTCAGTATTGTA,TACAATACTGAGAGCTGTTG,3
1-09_R2,05,GTGCAATGCATTACTGAGAA,TTCTCAGTAATGCATTGCAC,3
1-09_R2,06,GTGCCATACTATGTATAGGA,TCCTATACATAGTATGGCAC,3
1-09_R2,07,GTGCATTGATCTACGTAGAT,ATCTACGTAGATCAATGCAC,103
1-09_R2,08,ACACCATATAAGGTAGAGGA,TCCTCTACCTTATATGGTGT,335
1-09_R2,09,AGGATGGAGTAACATGCAAT,ATTGCATGTTACTCCATCCT,2
1-09_R2,10,CATGACACCACACTGGGTAG,CTACCCAGTGTGGTGTCATG,89
1-09_R2,11,GAGCATTACATTATCCAGAA,TTCTGGATAATGTAATGCTC,7
1-09_R2,12,GTGCAGTGCTCTTCTTGGAC,GTCCAAGAAGAGCACTGCAC,9
1-09_R2,13,GTGGTAAGCCTTACTCAGAA,TTCTGAGTAAGGCTTACCAC,5
1-09_R2,14,GATCAGCGCCATTCTAAATA,TATTTAGAATGGCGCTGATC,1
1-09_R2,15,GATCAGCACCATTCTAAATA,TATTTAGAATGGTGCTGATC,2
1-09_R2,16,CATCAGTGCCATTCTAAATA,TATTTAGAATGGCACTGATG,3
1-09_R2,17,TTACCGCCGTATCAATCTTG,CAAGATTGATACGGCGGTAA,3
1-10_R1,01,ACACCAAGCTGAGTAGAGTA,TACTCTACTCAGCTTGGTGT,3
1-10_R1,02,GTGCAGTGCTGTGTTCAGAC,GTCTGAACACAGCACTGCAC,13
1-10_R1,03,TTGCTAATCACGTGAAGTGT,ACACTTCACGTGATTAGCAA,6
1-10_R1,04,CAACAGCTCTCAGTATTGTA,TACAATACTGAGAGCTGTTG,2
1-10_R1,05,GTGCAATGCATTACTGAGAA,TTCTCAGTAATGCATTGCAC,9
1-10_R1,06,GTGCCATACTATGTATAGGA,TCCTATACATAGTATGGCAC,3
1-10_R1,07,GTGCATTGATCTACGTAGAT,ATCTACGTAGATCAATGCAC,63
1-10_R1,08,ACACCATATAAGGTAGAGGA,TCCTCTACCTTATATGGTGT,171
1-10_R1,09,AGGATGGAGTAACATGCAAT,ATTGCATGTTACTCCATCCT,0
1-10_R1,10,CATGACACCACACTGGGTAG,CTACCCAGTGTGGTGTCATG,68565
1-10_R1,11,GAGCATTACATTATCCAGAA,TTCTGGATAATGTAATGCTC,1
1-10_R1,12,GTGCAGTGCTCTTCTTGGAC,GTCCAAGAAGAGCACTGCAC,8
1-10_R1,13,GTGGTAAGCCTTACTCAGAA,TTCTGAGTAAGGCTTACCAC,0
1-10_R1,14,GATCAGCGCCATTCTAAATA,TATTTAGAATGGCGCTGATC,3
1-10_R1,15,GATCAGCACCATTCTAAATA,TATTTAGAATGGTGCTGATC,1
1-10_R1,16,CATCAGTGCCATTCTAAATA,TATTTAGAATGGCACTGATG,4
1-10_R1,17,TTACCGCCGTATCAATCTTG,CAAGATTGATACGGCGGTAA,12
1-10_R2,01,ACACCAAGCTGAGTAGAGTA,TACTCTACTCAGCTTGGTGT,2
1-10_R2,02,GTGCAGTGCTGTGTTCAGAC,GTCTGAACACAGCACTGCAC,13
1-10_R2,03,TTGCTAATCACGTGAAGTGT,ACACTTCACGTGATTAGCAA,5
1-10_R2,04,CAACAGCTCTCAGTATTGTA,TACAATACTGAGAGCTGTTG,2
1-10_R2,05,GTGCAATGCATTACTGAGAA,TTCTCAGTAATGCATTGCAC,9
1-10_R2,06,GTGCCATACTATGTATAGGA,TCCTATACATAGTATGGCAC,2
1-10_R2,07,GTGCATTGATCTACGTAGAT,ATCTACGTAGATCAATGCAC,62
1-10_R2,08,ACACCATATAAGGTAGAGGA,TCCTCTACCTTATATGGTGT,163
1-10_R2,09,AGGATGGAGTAACATGCAAT,ATTGCATGTTACTCCATCCT,0
1-10_R2,10,CATGACACCACACTGGGTAG,CTACCCAGTGTGGTGTCATG,66751
1-10_R2,11,GAGCATTACATTATCCAGAA,TTCTGGATAATGTAATGCTC,1
1-10_R2,12,GTGCAGTGCTCTTCTTGGAC,GTCCAAGAAGAGCACTGCAC,7
1-10_R2,13,GTGGTAAGCCTTACTCAGAA,TTCTGAGTAAGGCTTACCAC,0
1-10_R2,14,GATCAGCGCCATTCTAAATA,TATTTAGAATGGCGCTGATC,3
1-10_R2,15,GATCAGCACCATTCTAAATA,TATTTAGAATGGTGCTGATC,1
1-10_R2,16,CATCAGTGCCATTCTAAATA,TATTTAGAATGGCACTGATG,4
1-10_R2,17,TTACCGCCGTATCAATCTTG,CAAGATTGATACGGCGGTAA,11
1-12_R1,01,ACACCAAGCTGAGTAGAGTA,TACTCTACTCAGCTTGGTGT,19
1-12_R1,02,GTGCAGTGCTGTGTTCAGAC,GTCTGAACACAGCACTGCAC,14
1-12_R1,03,TTGCTAATCACGTGAAGTGT,ACACTTCACGTGATTAGCAA,8
1-12_R1,04,CAACAGCTCTCAGTATTGTA,TACAATACTGAGAGCTGTTG,7
1-12_R1,05,GTGCAATGCATTACTGAGAA,TTCTCAGTAATGCATTGCAC,16
1-12_R1,06,GTGCCATACTATGTATAGGA,TCCTATACATAGTATGGCAC,25
1-12_R1,07,GTGCATTGATCTACGTAGAT,ATCTACGTAGATCAATGCAC,115
1-12_R1,08,ACACCATATAAGGTAGAGGA,TCCTCTACCTTATATGGTGT,374
1-12_R1,09,AGGATGGAGTAACATGCAAT,ATTGCATGTTACTCCATCCT,12
1-12_R1,10,CATGACACCACACTGGGTAG,CTACCCAGTGTGGTGTCATG,146
1-12_R1,11,GAGCATTACATTATCCAGAA,TTCTGGATAATGTAATGCTC,5
1-12_R1,12,GTGCAGTGCTCTTCTTGGAC,GTCCAAGAAGAGCACTGCAC,21
1-12_R1,13,GTGGTAAGCCTTACTCAGAA,TTCTGAGTAAGGCTTACCAC,13
1-12_R1,14,GATCAGCGCCATTCTAAATA,TATTTAGAATGGCGCTGATC,15
1-12_R1,15,GATCAGCACCATTCTAAATA,TATTTAGAATGGTGCTGATC,10
1-12_R1,16,CATCAGTGCCATTCTAAATA,TATTTAGAATGGCACTGATG,15
1-12_R1,17,TTACCGCCGTATCAATCTTG,CAAGATTGATACGGCGGTAA,31
1-12_R2,01,ACACCAAGCTGAGTAGAGTA,TACTCTACTCAGCTTGGTGT,18
1-12_R2,02,GTGCAGTGCTGTGTTCAGAC,GTCTGAACACAGCACTGCAC,15
1-12_R2,03,TTGCTAATCACGTGAAGTGT,ACACTTCACGTGATTAGCAA,8
1-12_R2,04,CAACAGCTCTCAGTATTGTA,TACAATACTGAGAGCTGTTG,7
1-12_R2,05,GTGCAATGCATTACTGAGAA,TTCTCAGTAATGCATTGCAC,17
1-12_R2,06,GTGCCATACTATGTATAGGA,TCCTATACATAGTATGGCAC,24
1-12_R2,07,GTGCATTGATCTACGTAGAT,ATCTACGTAGATCAATGCAC,112
1-12_R2,08,ACACCATATAAGGTAGAGGA,TCCTCTACCTTATATGGTGT,353
1-12_R2,09,AGGATGGAGTAACATGCAAT,ATTGCATGTTACTCCATCCT,10
1-12_R2,10,CATGACACCACACTGGGTAG,CTACCCAGTGTGGTGTCATG,135
1-12_R2,11,GAGCATTACATTATCCAGAA,TTCTGGATAATGTAATGCTC,5
1-12_R2,12,GTGCAGTGCTCTTCTTGGAC,GTCCAAGAAGAGCACTGCAC,20
1-12_R2,13,GTGGTAAGCCTTACTCAGAA,TTCTGAGTAAGGCTTACCAC,12
1-12_R2,14,GATCAGCGCCATTCTAAATA,TATTTAGAATGGCGCTGATC,14
1-12_R2,15,GATCAGCACCATTCTAAATA,TATTTAGAATGGTGCTGATC,9
1-12_R2,16,CATCAGTGCCATTCTAAATA,TATTTAGAATGGCACTGATG,16
1-12_R2,17,TTACCGCCGTATCAATCTTG,CAAGATTGATACGGCGGTAA,30
1-17_R1,01,ACACCAAGCTGAGTAGAGTA,TACTCTACTCAGCTTGGTGT,21
1-17_R1,02,GTGCAGTGCTGTGTTCAGAC,GTCTGAACACAGCACTGCAC,12
1-17_R1,03,TTGCTAATCACGTGAAGTGT,ACACTTCACGTGATTAGCAA,2118
1-17_R1,04,CAACAGCTCTCAGTATTGTA,TACAATACTGAGAGCTGTTG,3
1-17_R1,05,GTGCAATGCATTACTGAGAA,TTCTCAGTAATGCATTGCAC,770
1-17_R1,06,GTGCCATACTATGTATAGGA,TCCTATACATAGTATGGCAC,542
1-17_R1,07,GTGCATTGATCTACGTAGAT,ATCTACGTAGATCAATGCAC,1450
1-17_R1,08,ACACCATATAAGGTAGAGGA,TCCTCTACCTTATATGGTGT,918
1-17_R1,09,AGGATGGAGTAACATGCAAT,ATTGCATGTTACTCCATCCT,174
1-17_R1,10,CATGACACCACACTGGGTAG,CTACCCAGTGTGGTGTCATG,627
1-17_R1,11,GAGCATTACATTATCCAGAA,TTCTGGATAATGTAATGCTC,10
1-17_R1,12,GTGCAGTGCTCTTCTTGGAC,GTCCAAGAAGAGCACTGCAC,232
1-17_R1,13,GTGGTAAGCCTTACTCAGAA,TTCTGAGTAAGGCTTACCAC,1101
1-17_R1,14,GATCAGCGCCATTCTAAATA,TATTTAGAATGGCGCTGATC,7
1-17_R1,15,GATCAGCACCATTCTAAATA,TATTTAGAATGGTGCTGATC,7
1-17_R1,16,CATCAGTGCCATTCTAAATA,TATTTAGAATGGCACTGATG,7
1-17_R1,17,TTACCGCCGTATCAATCTTG,CAAGATTGATACGGCGGTAA,162479
1-17_R2,01,ACACCAAGCTGAGTAGAGTA,TACTCTACTCAGCTTGGTGT,19
1-17_R2,02,GTGCAGTGCTGTGTTCAGAC,GTCTGAACACAGCACTGCAC,10
1-17_R2,03,TTGCTAATCACGTGAAGTGT,ACACTTCACGTGATTAGCAA,2054
1-17_R2,04,CAACAGCTCTCAGTATTGTA,TACAATACTGAGAGCTGTTG,4
1-17_R2,05,GTGCAATGCATTACTGAGAA,TTCTCAGTAATGCATTGCAC,757
1-17_R2,06,GTGCCATACTATGTATAGGA,TCCTATACATAGTATGGCAC,532
1-17_R2,07,GTGCATTGATCTACGTAGAT,ATCTACGTAGATCAATGCAC,1412
1-17_R2,08,ACACCATATAAGGTAGAGGA,TCCTCTACCTTATATGGTGT,892
1-17_R2,09,AGGATGGAGTAACATGCAAT,ATTGCATGTTACTCCATCCT,163
1-17_R2,10,CATGACACCACACTGGGTAG,CTACCCAGTGTGGTGTCATG,609
1-17_R2,11,GAGCATTACATTATCCAGAA,TTCTGGATAATGTAATGCTC,8
1-17_R2,12,GTGCAGTGCTCTTCTTGGAC,GTCCAAGAAGAGCACTGCAC,224
1-17_R2,13,GTGGTAAGCCTTACTCAGAA,TTCTGAGTAAGGCTTACCAC,1060
1-17_R2,14,GATCAGCGCCATTCTAAATA,TATTTAGAATGGCGCTGATC,7
1-17_R2,15,GATCAGCACCATTCTAAATA,TATTTAGAATGGTGCTGATC,7
1-17_R2,16,CATCAGTGCCATTCTAAATA,TATTTAGAATGGCACTGATG,7
1-17_R2,17,TTACCGCCGTATCAATCTTG,CAAGATTGATACGGCGGTAA,158540
2_R1,01,ACACCAAGCTGAGTAGAGTA,TACTCTACTCAGCTTGGTGT,35998
2_R1,02,GTGCAGTGCTGTGTTCAGAC,GTCTGAACACAGCACTGCAC,2430
2_R1,03,TTGCTAATCACGTGAAGTGT,ACACTTCACGTGATTAGCAA,10395
2_R1,04,CAACAGCTCTCAGTATTGTA,TACAATACTGAGAGCTGTTG,6706
2_R1,05,GTGCAATGCATTACTGAGAA,TTCTCAGTAATGCATTGCAC,19812
2_R1,06,GTGCCATACTATGTATAGGA,TCCTATACATAGTATGGCAC,19611
2_R1,07,GTGCATTGATCTACGTAGAT,ATCTACGTAGATCAATGCAC,17088
2_R1,08,ACACCATATAAGGTAGAGGA,TCCTCTACCTTATATGGTGT,17021
2_R1,09,AGGATGGAGTAACATGCAAT,ATTGCATGTTACTCCATCCT,14827
2_R1,10,CATGACACCACACTGGGTAG,CTACCCAGTGTGGTGTCATG,22392
2_R1,11,GAGCATTACATTATCCAGAA,TTCTGGATAATGTAATGCTC,14204
2_R1,12,GTGCAGTGCTCTTCTTGGAC,GTCCAAGAAGAGCACTGCAC,20752
2_R1,13,GTGGTAAGCCTTACTCAGAA,TTCTGAGTAAGGCTTACCAC,12825
2_R1,14,GATCAGCGCCATTCTAAATA,TATTTAGAATGGCGCTGATC,14607
2_R1,15,GATCAGCACCATTCTAAATA,TATTTAGAATGGTGCTGATC,23729
2_R1,16,CATCAGTGCCATTCTAAATA,TATTTAGAATGGCACTGATG,15939
2_R1,17,TTACCGCCGTATCAATCTTG,CAAGATTGATACGGCGGTAA,20595
2_R2,01,ACACCAAGCTGAGTAGAGTA,TACTCTACTCAGCTTGGTGT,35219
2_R2,02,GTGCAGTGCTGTGTTCAGAC,GTCTGAACACAGCACTGCAC,2385
2_R2,03,TTGCTAATCACGTGAAGTGT,ACACTTCACGTGATTAGCAA,10057
2_R2,04,CAACAGCTCTCAGTATTGTA,TACAATACTGAGAGCTGTTG,6499
2_R2,05,GTGCAATGCATTACTGAGAA,TTCTCAGTAATGCATTGCAC,19317
2_R2,06,GTGCCATACTATGTATAGGA,TCCTATACATAGTATGGCAC,19184
2_R2,07,GTGCATTGATCTACGTAGAT,ATCTACGTAGATCAATGCAC,16672
2_R2,08,ACACCATATAAGGTAGAGGA,TCCTCTACCTTATATGGTGT,16567
2_R2,09,AGGATGGAGTAACATGCAAT,ATTGCATGTTACTCCATCCT,14260
2_R2,10,CATGACACCACACTGGGTAG,CTACCCAGTGTGGTGTCATG,21621
2_R2,11,GAGCATTACATTATCCAGAA,TTCTGGATAATGTAATGCTC,13810
2_R2,12,GTGCAGTGCTCTTCTTGGAC,GTCCAAGAAGAGCACTGCAC,20222
2_R2,13,GTGGTAAGCCTTACTCAGAA,TTCTGAGTAAGGCTTACCAC,12460
2_R2,14,GATCAGCGCCATTCTAAATA,TATTTAGAATGGCGCTGATC,14172
2_R2,15,GATCAGCACCATTCTAAATA,TATTTAGAATGGTGCTGATC,22962
2_R2,16,CATCAGTGCCATTCTAAATA,TATTTAGAATGGCACTGATG,15488
2_R2,17,TTACCGCCGTATCAATCTTG,CAAGATTGATACGGCGGTAA,20121
3_R1,01,ACACCAAGCTGAGTAGAGTA,TACTCTACTCAGCTTGGTGT,13904
3_R1,02,GTGCAGTGCTGTGTTCAGAC,GTCTGAACACAGCACTGCAC,28529
3_R1,03,TTGCTAATCACGTGAAGTGT,ACACTTCACGTGATTAGCAA,12058
3_R1,04,CAACAGCTCTCAGTATTGTA,TACAATACTGAGAGCTGTTG,5888
3_R1,05,GTGCAATGCATTACTGAGAA,TTCTCAGTAATGCATTGCAC,20842
3_R1,06,GTGCCATACTATGTATAGGA,TCCTATACATAGTATGGCAC,12764
3_R1,07,GTGCATTGATCTACGTAGAT,ATCTACGTAGATCAATGCAC,17087
3_R1,08,ACACCATATAAGGTAGAGGA,TCCTCTACCTTATATGGTGT,14579
3_R1,09,AGGATGGAGTAACATGCAAT,ATTGCATGTTACTCCATCCT,9006
3_R1,10,CATGACACCACACTGGGTAG,CTACCCAGTGTGGTGTCATG,25312
3_R1,11,GAGCATTACATTATCCAGAA,TTCTGGATAATGTAATGCTC,8782
3_R1,12,GTGCAGTGCTCTTCTTGGAC,GTCCAAGAAGAGCACTGCAC,33336
3_R1,13,GTGGTAAGCCTTACTCAGAA,TTCTGAGTAAGGCTTACCAC,11267
3_R1,14,GATCAGCGCCATTCTAAATA,TATTTAGAATGGCGCTGATC,11448
3_R1,15,GATCAGCACCATTCTAAATA,TATTTAGAATGGTGCTGATC,4371
3_R1,16,CATCAGTGCCATTCTAAATA,TATTTAGAATGGCACTGATG,13271
3_R1,17,TTACCGCCGTATCAATCTTG,CAAGATTGATACGGCGGTAA,21006
3_R2,01,ACACCAAGCTGAGTAGAGTA,TACTCTACTCAGCTTGGTGT,13515
3_R2,02,GTGCAGTGCTGTGTTCAGAC,GTCTGAACACAGCACTGCAC,27784
3_R2,03,TTGCTAATCACGTGAAGTGT,ACACTTCACGTGATTAGCAA,11626
3_R2,04,CAACAGCTCTCAGTATTGTA,TACAATACTGAGAGCTGTTG,5697
3_R2,05,GTGCAATGCATTACTGAGAA,TTCTCAGTAATGCATTGCAC,20259
3_R2,06,GTGCCATACTATGTATAGGA,TCCTATACATAGTATGGCAC,12429
3_R2,07,GTGCATTGATCTACGTAGAT,ATCTACGTAGATCAATGCAC,16621
3_R2,08,ACACCATATAAGGTAGAGGA,TCCTCTACCTTATATGGTGT,14141
3_R2,09,AGGATGGAGTAACATGCAAT,ATTGCATGTTACTCCATCCT,8615
3_R2,10,CATGACACCACACTGGGTAG,CTACCCAGTGTGGTGTCATG,24284
3_R2,11,GAGCATTACATTATCCAGAA,TTCTGGATAATGTAATGCTC,8462
3_R2,12,GTGCAGTGCTCTTCTTGGAC,GTCCAAGAAGAGCACTGCAC,32220
3_R2,13,GTGGTAAGCCTTACTCAGAA,TTCTGAGTAAGGCTTACCAC,10879
3_R2,14,GATCAGCGCCATTCTAAATA,TATTTAGAATGGCGCTGATC,11071
3_R2,15,GATCAGCACCATTCTAAATA,TATTTAGAATGGTGCTGATC,4215
3_R2,16,CATCAGTGCCATTCTAAATA,TATTTAGAATGGCACTGATG,12790
3_R2,17,TTACCGCCGTATCAATCTTG,CAAGATTGATACGGCGGTAA,20393
4_R1,01,ACACCAAGCTGAGTAGAGTA,TACTCTACTCAGCTTGGTGT,14006
4_R1,02,GTGCAGTGCTGTGTTCAGAC,GTCTGAACACAGCACTGCAC,24807
4_R1,03,TTGCTAATCACGTGAAGTGT,ACACTTCACGTGATTAGCAA,11708
4_R1,04,CAACAGCTCTCAGTATTGTA,TACAATACTGAGAGCTGTTG,4943
4_R1,05,GTGCAATGCATTACTGAGAA,TTCTCAGTAATGCATTGCAC,19540
4_R1,06,GTGCCATACTATGTATAGGA,TCCTATACATAGTATGGCAC,11595
4_R1,07,GTGCATTGATCTACGTAGAT,ATCTACGTAGATCAATGCAC,15080
4_R1,08,ACACCATATAAGGTAGAGGA,TCCTCTACCTTATATGGTGT,17016
4_R1,09,AGGATGGAGTAACATGCAAT,ATTGCATGTTACTCCATCCT,7449
4_R1,10,CATGACACCACACTGGGTAG,CTACCCAGTGTGGTGTCATG,23082
4_R1,11,GAGCATTACATTATCCAGAA,TTCTGGATAATGTAATGCTC,7734
4_R1,12,GTGCAGTGCTCTTCTTGGAC,GTCCAAGAAGAGCACTGCAC,37277
4_R1,13,GTGGTAAGCCTTACTCAGAA,TTCTGAGTAAGGCTTACCAC,9839
4_R1,14,GATCAGCGCCATTCTAAATA,TATTTAGAATGGCGCTGATC,12583
4_R1,15,GATCAGCACCATTCTAAATA,TATTTAGAATGGTGCTGATC,4698
4_R1,16,CATCAGTGCCATTCTAAATA,TATTTAGAATGGCACTGATG,14656
4_R1,17,TTACCGCCGTATCAATCTTG,CAAGATTGATACGGCGGTAA,65
4_R2,01,ACACCAAGCTGAGTAGAGTA,TACTCTACTCAGCTTGGTGT,13644
4_R2,02,GTGCAGTGCTGTGTTCAGAC,GTCTGAACACAGCACTGCAC,24210
4_R2,03,TTGCTAATCACGTGAAGTGT,ACACTTCACGTGATTAGCAA,11349
4_R2,04,CAACAGCTCTCAGTATTGTA,TACAATACTGAGAGCTGTTG,4772
4_R2,05,GTGCAATGCATTACTGAGAA,TTCTCAGTAATGCATTGCAC,19056
4_R2,06,GTGCCATACTATGTATAGGA,TCCTATACATAGTATGGCAC,11326
4_R2,07,GTGCATTGATCTACGTAGAT,ATCTACGTAGATCAATGCAC,14675
4_R2,08,ACACCATATAAGGTAGAGGA,TCCTCTACCTTATATGGTGT,16574
4_R2,09,AGGATGGAGTAACATGCAAT,ATTGCATGTTACTCCATCCT,7135
4_R2,10,CATGACACCACACTGGGTAG,CTACCCAGTGTGGTGTCATG,22235
4_R2,11,GAGCATTACATTATCCAGAA,TTCTGGATAATGTAATGCTC,7479
4_R2,12,GTGCAGTGCTCTTCTTGGAC,GTCCAAGAAGAGCACTGCAC,36240
4_R2,13,GTGGTAAGCCTTACTCAGAA,TTCTGAGTAAGGCTTACCAC,9539
4_R2,14,GATCAGCGCCATTCTAAATA,TATTTAGAATGGCGCTGATC,12137
4_R2,15,GATCAGCACCATTCTAAATA,TATTTAGAATGGTGCTGATC,4539
4_R2,16,CATCAGTGCCATTCTAAATA,TATTTAGAATGGCACTGATG,14190
4_R2,17,TTACCGCCGTATCAATCTTG,CAAGATTGATACGGCGGTAA,62
5_R1,01,ACACCAAGCTGAGTAGAGTA,TACTCTACTCAGCTTGGTGT,16090
5_R1,02,GTGCAGTGCTGTGTTCAGAC,GTCTGAACACAGCACTGCAC,26157
5_R1,03,TTGCTAATCACGTGAAGTGT,ACACTTCACGTGATTAGCAA,11383
5_R1,04,CAACAGCTCTCAGTATTGTA,TACAATACTGAGAGCTGTTG,4819
5_R1,05,GTGCAATGCATTACTGAGAA,TTCTCAGTAATGCATTGCAC,19387
5_R1,06,GTGCCATACTATGTATAGGA,TCCTATACATAGTATGGCAC,15888
5_R1,07,GTGCATTGATCTACGTAGAT,ATCTACGTAGATCAATGCAC,15272
5_R1,08,ACACCATATAAGGTAGAGGA,TCCTCTACCTTATATGGTGT,10871
5_R1,09,AGGATGGAGTAACATGCAAT,ATTGCATGTTACTCCATCCT,12226
5_R1,10,CATGACACCACACTGGGTAG,CTACCCAGTGTGGTGTCATG,22570
5_R1,11,GAGCATTACATTATCCAGAA,TTCTGGATAATGTAATGCTC,12417
5_R1,12,GTGCAGTGCTCTTCTTGGAC,GTCCAAGAAGAGCACTGCAC,27788
5_R1,13,GTGGTAAGCCTTACTCAGAA,TTCTGAGTAAGGCTTACCAC,13297
5_R1,14,GATCAGCGCCATTCTAAATA,TATTTAGAATGGCGCTGATC,12015
5_R1,15,GATCAGCACCATTCTAAATA,TATTTAGAATGGTGCTGATC,5717
5_R1,16,CATCAGTGCCATTCTAAATA,TATTTAGAATGGCACTGATG,11639
5_R1,17,TTACCGCCGTATCAATCTTG,CAAGATTGATACGGCGGTAA,18707
5_R2,01,ACACCAAGCTGAGTAGAGTA,TACTCTACTCAGCTTGGTGT,15618
5_R2,02,GTGCAGTGCTGTGTTCAGAC,GTCTGAACACAGCACTGCAC,25434
5_R2,03,TTGCTAATCACGTGAAGTGT,ACACTTCACGTGATTAGCAA,10938
5_R2,04,CAACAGCTCTCAGTATTGTA,TACAATACTGAGAGCTGTTG,4599
5_R2,05,GTGCAATGCATTACTGAGAA,TTCTCAGTAATGCATTGCAC,18808
5_R2,06,GTGCCATACTATGTATAGGA,TCCTATACATAGTATGGCAC,15424
5_R2,07,GTGCATTGATCTACGTAGAT,ATCTACGTAGATCAATGCAC,14810
5_R2,08,ACACCATATAAGGTAGAGGA,TCCTCTACCTTATATGGTGT,10523
5_R2,09,AGGATGGAGTAACATGCAAT,ATTGCATGTTACTCCATCCT,11665
5_R2,10,CATGACACCACACTGGGTAG,CTACCCAGTGTGGTGTCATG,21646
5_R2,11,GAGCATTACATTATCCAGAA,TTCTGGATAATGTAATGCTC,11962
5_R2,12,GTGCAGTGCTCTTCTTGGAC,GTCCAAGAAGAGCACTGCAC,26932
5_R2,13,GTGGTAAGCCTTACTCAGAA,TTCTGAGTAAGGCTTACCAC,12840
5_R2,14,GATCAGCGCCATTCTAAATA,TATTTAGAATGGCGCTGATC,11614
5_R2,15,GATCAGCACCATTCTAAATA,TATTTAGAATGGTGCTGATC,5513
5_R2,16,CATCAGTGCCATTCTAAATA,TATTTAGAATGGCACTGATG,11213
5_R2,17,TTACCGCCGTATCAATCTTG,CAAGATTGATACGGCGGTAA,18182
6_R1,01,ACACCAAGCTGAGTAGAGTA,TACTCTACTCAGCTTGGTGT,9945
6_R1,02,GTGCAGTGCTGTGTTCAGAC,GTCTGAACACAGCACTGCAC,24975
6_R1,03,TTGCTAATCACGTGAAGTGT,ACACTTCACGTGATTAGCAA,14324
6_R1,04,CAACAGCTCTCAGTATTGTA,TACAATACTGAGAGCTGTTG,5622
6_R1,05,GTGCAATGCATTACTGAGAA,TTCTCAGTAATGCATTGCAC,21035
6_R1,06,GTGCCATACTATGTATAGGA,TCCTATACATAGTATGGCAC,12429
6_R1,07,GTGCATTGATCTACGTAGAT,ATCTACGTAGATCAATGCAC,14967
6_R1,08,ACACCATATAAGGTAGAGGA,TCCTCTACCTTATATGGTGT,15682
6_R1,09,AGGATGGAGTAACATGCAAT,ATTGCATGTTACTCCATCCT,8863
6_R1,10,CATGACACCACACTGGGTAG,CTACCCAGTGTGGTGTCATG,29282
6_R1,11,GAGCATTACATTATCCAGAA,TTCTGGATAATGTAATGCTC,7269
6_R1,12,GTGCAGTGCTCTTCTTGGAC,GTCCAAGAAGAGCACTGCAC,31562
6_R1,13,GTGGTAAGCCTTACTCAGAA,TTCTGAGTAAGGCTTACCAC,14
6_R1,14,GATCAGCGCCATTCTAAATA,TATTTAGAATGGCGCTGATC,11732
6_R1,15,GATCAGCACCATTCTAAATA,TATTTAGAATGGTGCTGATC,4884
6_R1,16,CATCAGTGCCATTCTAAATA,TATTTAGAATGGCACTGATG,11726
6_R1,17,TTACCGCCGTATCAATCTTG,CAAGATTGATACGGCGGTAA,22170
6_R2,01,ACACCAAGCTGAGTAGAGTA,TACTCTACTCAGCTTGGTGT,9709
6_R2,02,GTGCAGTGCTGTGTTCAGAC,GTCTGAACACAGCACTGCAC,24357
6_R2,03,TTGCTAATCACGTGAAGTGT,ACACTTCACGTGATTAGCAA,13873
6_R2,04,CAACAGCTCTCAGTATTGTA,TACAATACTGAGAGCTGTTG,5444
6_R2,05,GTGCAATGCATTACTGAGAA,TTCTCAGTAATGCATTGCAC,20530
6_R2,06,GTGCCATACTATGTATAGGA,TCCTATACATAGTATGGCAC,12127
6_R2,07,GTGCATTGATCTACGTAGAT,ATCTACGTAGATCAATGCAC,14582
6_R2,08,ACACCATATAAGGTAGAGGA,TCCTCTACCTTATATGGTGT,15286
6_R2,09,AGGATGGAGTAACATGCAAT,ATTGCATGTTACTCCATCCT,8481
6_R2,10,CATGACACCACACTGGGTAG,CTACCCAGTGTGGTGTCATG,28273
6_R2,11,GAGCATTACATTATCCAGAA,TTCTGGATAATGTAATGCTC,7084
6_R2,12,GTGCAGTGCTCTTCTTGGAC,GTCCAAGAAGAGCACTGCAC,30707
6_R2,13,GTGGTAAGCCTTACTCAGAA,TTCTGAGTAAGGCTTACCAC,11
6_R2,14,GATCAGCGCCATTCTAAATA,TATTTAGAATGGCGCTGATC,11386
6_R2,15,GATCAGCACCATTCTAAATA,TATTTAGAATGGTGCTGATC,4718
6_R2,16,CATCAGTGCCATTCTAAATA,TATTTAGAATGGCACTGATG,11350
6_R2,17,TTACCGCCGTATCAATCTTG,CAAGATTGATACGGCGGTAA,21634
7_R1,01,ACACCAAGCTGAGTAGAGTA,TACTCTACTCAGCTTGGTGT,8900
7_R1,02,GTGCAGTGCTGTGTTCAGAC,GTCTGAACACAGCACTGCAC,33175
7_R1,03,TTGCTAATCACGTGAAGTGT,ACACTTCACGTGATTAGCAA,14921
7_R1,04,CAACAGCTCTCAGTATTGTA,TACAATACTGAGAGCTGTTG,5130
7_R1,05,GTGCAATGCATTACTGAGAA,TTCTCAGTAATGCATTGCAC,20041
7_R1,06,GTGCCATACTATGTATAGGA,TCCTATACATAGTATGGCAC,13340
7_R1,07,GTGCATTGATCTACGTAGAT,ATCTACGTAGATCAATGCAC,14638
7_R1,08,ACACCATATAAGGTAGAGGA,TCCTCTACCTTATATGGTGT,15003
7_R1,09,AGGATGGAGTAACATGCAAT,ATTGCATGTTACTCCATCCT,9092
7_R1,10,CATGACACCACACTGGGTAG,CTACCCAGTGTGGTGTCATG,31354
7_R1,11,GAGCATTACATTATCCAGAA,TTCTGGATAATGTAATGCTC,8183
7_R1,12,GTGCAGTGCTCTTCTTGGAC,GTCCAAGAAGAGCACTGCAC,38628
7_R1,13,GTGGTAAGCCTTACTCAGAA,TTCTGAGTAAGGCTTACCAC,12067
7_R1,14,GATCAGCGCCATTCTAAATA,TATTTAGAATGGCGCTGATC,56
7_R1,15,GATCAGCACCATTCTAAATA,TATTTAGAATGGTGCTGATC,5510
7_R1,16,CATCAGTGCCATTCTAAATA,TATTTAGAATGGCACTGATG,14394
7_R1,17,TTACCGCCGTATCAATCTTG,CAAGATTGATACGGCGGTAA,17757
7_R2,01,ACACCAAGCTGAGTAGAGTA,TACTCTACTCAGCTTGGTGT,8676
7_R2,02,GTGCAGTGCTGTGTTCAGAC,GTCTGAACACAGCACTGCAC,32269
7_R2,03,TTGCTAATCACGTGAAGTGT,ACACTTCACGTGATTAGCAA,14348
7_R2,04,CAACAGCTCTCAGTATTGTA,TACAATACTGAGAGCTGTTG,4956
7_R2,05,GTGCAATGCATTACTGAGAA,TTCTCAGTAATGCATTGCAC,19475
7_R2,06,GTGCCATACTATGTATAGGA,TCCTATACATAGTATGGCAC,12969
7_R2,07,GTGCATTGATCTACGTAGAT,ATCTACGTAGATCAATGCAC,14216
7_R2,08,ACACCATATAAGGTAGAGGA,TCCTCTACCTTATATGGTGT,14527
7_R2,09,AGGATGGAGTAACATGCAAT,ATTGCATGTTACTCCATCCT,8670
7_R2,10,CATGACACCACACTGGGTAG,CTACCCAGTGTGGTGTCATG,29995
7_R2,11,GAGCATTACATTATCCAGAA,TTCTGGATAATGTAATGCTC,7916
7_R2,12,GTGCAGTGCTCTTCTTGGAC,GTCCAAGAAGAGCACTGCAC,37352
7_R2,13,GTGGTAAGCCTTACTCAGAA,TTCTGAGTAAGGCTTACCAC,11670
7_R2,14,GATCAGCGCCATTCTAAATA,TATTTAGAATGGCGCTGATC,52
7_R2,15,GATCAGCACCATTCTAAATA,TATTTAGAATGGTGCTGATC,5326
7_R2,16,CATCAGTGCCATTCTAAATA,TATTTAGAATGGCACTGATG,13875
7_R2,17,TTACCGCCGTATCAATCTTG,CAAGATTGATACGGCGGTAA,17218
8_R1,01,ACACCAAGCTGAGTAGAGTA,TACTCTACTCAGCTTGGTGT,9658
8_R1,02,GTGCAGTGCTGTGTTCAGAC,GTCTGAACACAGCACTGCAC,28241
8_R1,03,TTGCTAATCACGTGAAGTGT,ACACTTCACGTGATTAGCAA,14015
8_R1,04,CAACAGCTCTCAGTATTGTA,TACAATACTGAGAGCTGTTG,5263
8_R1,05,GTGCAATGCATTACTGAGAA,TTCTCAGTAATGCATTGCAC,20669
8_R1,06,GTGCCATACTATGTATAGGA,TCCTATACATAGTATGGCAC,12853
8_R1,07,GTGCATTGATCTACGTAGAT,ATCTACGTAGATCAATGCAC,15807
8_R1,08,ACACCATATAAGGTAGAGGA,TCCTCTACCTTATATGGTGT,15627
8_R1,09,AGGATGGAGTAACATGCAAT,ATTGCATGTTACTCCATCCT,9446
8_R1,10,CATGACACCACACTGGGTAG,CTACCCAGTGTGGTGTCATG,29718
8_R1,11,GAGCATTACATTATCCAGAA,TTCTGGATAATGTAATGCTC,7625
8_R1,12,GTGCAGTGCTCTTCTTGGAC,GTCCAAGAAGAGCACTGCAC,33543
8_R1,13,GTGGTAAGCCTTACTCAGAA,TTCTGAGTAAGGCTTACCAC,13619
8_R1,14,GATCAGCGCCATTCTAAATA,TATTTAGAATGGCGCTGATC,11498
8_R1,15,GATCAGCACCATTCTAAATA,TATTTAGAATGGTGCTGATC,67
8_R1,16,CATCAGTGCCATTCTAAATA,TATTTAGAATGGCACTGATG,12709
8_R1,17,TTACCGCCGTATCAATCTTG,CAAGATTGATACGGCGGTAA,20889
8_R2,01,ACACCAAGCTGAGTAGAGTA,TACTCTACTCAGCTTGGTGT,9430
8_R2,02,GTGCAGTGCTGTGTTCAGAC,GTCTGAACACAGCACTGCAC,27464
8_R2,03,TTGCTAATCACGTGAAGTGT,ACACTTCACGTGATTAGCAA,13513
8_R2,04,CAACAGCTCTCAGTATTGTA,TACAATACTGAGAGCTGTTG,5070
8_R2,05,GTGCAATGCATTACTGAGAA,TTCTCAGTAATGCATTGCAC,20147
8_R2,06,GTGCCATACTATGTATAGGA,TCCTATACATAGTATGGCAC,12538
8_R2,07,GTGCATTGATCTACGTAGAT,ATCTACGTAGATCAATGCAC,15340
8_R2,08,ACACCATATAAGGTAGAGGA,TCCTCTACCTTATATGGTGT,15210
8_R2,09,AGGATGGAGTAACATGCAAT,ATTGCATGTTACTCCATCCT,9064
8_R2,10,CATGACACCACACTGGGTAG,CTACCCAGTGTGGTGTCATG,28571
8_R2,11,GAGCATTACATTATCCAGAA,TTCTGGATAATGTAATGCTC,7411
8_R2,12,GTGCAGTGCTCTTCTTGGAC,GTCCAAGAAGAGCACTGCAC,32509
8_R2,13,GTGGTAAGCCTTACTCAGAA,TTCTGAGTAAGGCTTACCAC,13171
8_R2,14,GATCAGCGCCATTCTAAATA,TATTTAGAATGGCGCTGATC,11082
8_R2,15,GATCAGCACCATTCTAAATA,TATTTAGAATGGTGCTGATC,60
8_R2,16,CATCAGTGCCATTCTAAATA,TATTTAGAATGGCACTGATG,12251
8_R2,17,TTACCGCCGTATCAATCTTG,CAAGATTGATACGGCGGTAA,20292
Undetermined_R1,01,ACACCAAGCTGAGTAGAGTA,TACTCTACTCAGCTTGGTGT,19074
Undetermined_R1,02,GTGCAGTGCTGTGTTCAGAC,GTCTGAACACAGCACTGCAC,30664
Undetermined_R1,03,TTGCTAATCACGTGAAGTGT,ACACTTCACGTGATTAGCAA,24849
Undetermined_R1,04,CAACAGCTCTCAGTATTGTA,TACAATACTGAGAGCTGTTG,2092
Undetermined_R1,05,GTGCAATGCATTACTGAGAA,TTCTCAGTAATGCATTGCAC,26592
Undetermined_R1,06,GTGCCATACTATGTATAGGA,TCCTATACATAGTATGGCAC,5795
Undetermined_R1,07,GTGCATTGATCTACGTAGAT,ATCTACGTAGATCAATGCAC,23416
Undetermined_R1,08,ACACCATATAAGGTAGAGGA,TCCTCTACCTTATATGGTGT,238387
Undetermined_R1,09,AGGATGGAGTAACATGCAAT,ATTGCATGTTACTCCATCCT,3515
Undetermined_R1,10,CATGACACCACACTGGGTAG,CTACCCAGTGTGGTGTCATG,17024
Undetermined_R1,11,GAGCATTACATTATCCAGAA,TTCTGGATAATGTAATGCTC,3393
Undetermined_R1,12,GTGCAGTGCTCTTCTTGGAC,GTCCAAGAAGAGCACTGCAC,13276
Undetermined_R1,13,GTGGTAAGCCTTACTCAGAA,TTCTGAGTAAGGCTTACCAC,3876
Undetermined_R1,14,GATCAGCGCCATTCTAAATA,TATTTAGAATGGCGCTGATC,4121
Undetermined_R1,15,GATCAGCACCATTCTAAATA,TATTTAGAATGGTGCTGATC,2689
Undetermined_R1,16,CATCAGTGCCATTCTAAATA,TATTTAGAATGGCACTGATG,5083
Undetermined_R1,17,TTACCGCCGTATCAATCTTG,CAAGATTGATACGGCGGTAA,13708
Undetermined_R2,01,ACACCAAGCTGAGTAGAGTA,TACTCTACTCAGCTTGGTGT,15324
Undetermined_R2,02,GTGCAGTGCTGTGTTCAGAC,GTCTGAACACAGCACTGCAC,25550
Undetermined_R2,03,TTGCTAATCACGTGAAGTGT,ACACTTCACGTGATTAGCAA,17113
Undetermined_R2,04,CAACAGCTCTCAGTATTGTA,TACAATACTGAGAGCTGTTG,1544
Undetermined_R2,05,GTGCAATGCATTACTGAGAA,TTCTCAGTAATGCATTGCAC,22356
Undetermined_R2,06,GTGCCATACTATGTATAGGA,TCCTATACATAGTATGGCAC,4516
Undetermined_R2,07,GTGCATTGATCTACGTAGAT,ATCTACGTAGATCAATGCAC,18669
Undetermined_R2,08,ACACCATATAAGGTAGAGGA,TCCTCTACCTTATATGGTGT,230135
Undetermined_R2,09,AGGATGGAGTAACATGCAAT,ATTGCATGTTACTCCATCCT,2398
Undetermined_R2,10,CATGACACCACACTGGGTAG,CTACCCAGTGTGGTGTCATG,12665
Undetermined_R2,11,GAGCATTACATTATCCAGAA,TTCTGGATAATGTAATGCTC,2759
Undetermined_R2,12,GTGCAGTGCTCTTCTTGGAC,GTCCAAGAAGAGCACTGCAC,10315
Undetermined_R2,13,GTGGTAAGCCTTACTCAGAA,TTCTGAGTAAGGCTTACCAC,2915
Undetermined_R2,14,GATCAGCGCCATTCTAAATA,TATTTAGAATGGCGCTGATC,3295
Undetermined_R2,15,GATCAGCACCATTCTAAATA,TATTTAGAATGGTGCTGATC,2249
Undetermined_R2,16,CATCAGTGCCATTCTAAATA,TATTTAGAATGGCACTGATG,4062
Undetermined_R2,17,TTACCGCCGTATCAATCTTG,CAAGATTGATACGGCGGTAA,10934
